PassengerId,Survived,Pclass,Sex,Fare,Embarked,Type,Title,Family_Size,Child,Family_Survival
1,0.0,3,male,7.25,S,train,Mr,2,0,0.0
2,1.0,1,female,71.2833,C,train,Mrs,2,0,1.0
3,1.0,3,female,7.925,S,train,Miss,1,0,0.0
4,1.0,1,female,53.1,S,train,Mrs,2,0,0.5
5,0.0,3,male,8.05,S,train,Mr,1,0,0.0
6,0.0,3,male,8.4583,Q,train,Mr,1,0,0.0
7,0.0,1,male,51.8625,S,train,Mr,1,0,0.0
8,0.0,3,male,21.075,S,train,Master,5,1,0.0
9,1.0,3,female,11.1333,S,train,Mrs,3,0,1.0
10,1.0,2,female,30.0708,C,train,Mrs,2,1,0.5
11,1.0,3,female,16.7,S,train,Miss,3,1,1.0
12,1.0,1,female,26.55,S,train,Miss,1,0,0.0
13,0.0,3,male,8.05,S,train,Mr,1,0,0.0
14,0.0,3,male,31.275,S,train,Mr,7,0,0.0
15,0.0,3,female,7.8542,S,train,Miss,1,1,0.0
16,1.0,2,female,16.0,S,train,Mrs,1,0,0.0
17,0.0,3,male,29.125,Q,train,Master,6,1,0.0
18,1.0,2,male,13.0,S,train,Mr,1,0,0.0
19,0.0,3,female,18.0,S,train,Mrs,2,0,0.0
20,1.0,3,female,7.225,C,train,Mrs,1,1,0.0
21,0.0,2,male,26.0,S,train,Mr,1,0,0.0
22,1.0,2,male,13.0,S,train,Mr,1,0,0.0
23,1.0,3,female,8.0292,Q,train,Miss,1,1,0.0
24,1.0,1,male,35.5,S,train,Mr,1,0,0.0
25,0.0,3,female,21.075,S,train,Miss,5,1,0.0
26,1.0,3,female,31.3875,S,train,Mrs,7,0,0.75
27,0.0,3,male,7.225,C,train,Mr,1,0,0.0
28,0.0,1,male,263.0,S,train,Mr,6,1,0.5
29,1.0,3,female,7.8792,Q,train,Miss,1,1,0.0
30,0.0,3,male,7.8958,S,train,Mr,1,0,0.0
31,0.0,1,male,27.7208,C,train,Royal,1,0,0.0
32,1.0,1,female,146.5208,C,train,Mrs,2,1,1.0
33,1.0,3,female,7.75,Q,train,Miss,1,1,0.0
34,0.0,2,male,10.5,S,train,Mr,1,0,0.0
35,0.0,1,male,82.1708,C,train,Mr,2,0,0.5
36,0.0,1,male,52.0,S,train,Mr,2,0,0.5
37,1.0,3,male,7.2292,C,train,Mr,1,0,0.0
38,0.0,3,male,8.05,S,train,Mr,1,0,0.0
39,0.0,3,female,18.0,S,train,Miss,3,1,0.0
40,1.0,3,female,11.2417,C,train,Miss,2,1,1.0
41,0.0,3,female,9.475,S,train,Mrs,2,0,0.0
42,0.0,2,female,21.0,S,train,Mrs,2,0,0.0
43,0.0,3,male,7.8958,C,train,Mr,1,0,0.0
44,1.0,2,female,41.5792,C,train,Miss,4,1,0.6666666666666666
45,1.0,3,female,7.8792,Q,train,Miss,1,1,0.0
46,0.0,3,male,8.05,S,train,Mr,1,0,0.0
47,0.0,3,male,15.5,Q,train,Mr,2,0,0.0
48,1.0,3,female,7.75,Q,train,Miss,1,1,0.0
49,0.0,3,male,21.6792,C,train,Mr,3,0,0.0
50,0.0,3,female,17.8,S,train,Mrs,2,1,0.0
51,0.0,3,male,39.6875,S,train,Master,6,1,0.0
52,0.0,3,male,7.8,S,train,Mr,1,0,0.0
53,1.0,1,female,76.7292,C,train,Mrs,2,0,1.0
54,1.0,2,female,26.0,S,train,Mrs,2,0,1.0
55,0.0,1,male,61.9792,C,train,Mr,2,0,0.0
56,1.0,1,male,35.5,S,train,Mr,1,0,0.0
57,1.0,2,female,10.5,S,train,Miss,1,0,0.0
58,0.0,3,male,7.2292,C,train,Mr,1,0,0.0
59,1.0,2,female,27.75,S,train,Miss,4,1,0.6666666666666666
60,0.0,3,male,46.9,S,train,Master,8,1,0.0
61,0.0,3,male,7.2292,C,train,Mr,1,0,0.0
62,1.0,1,female,80.0,,train,Miss,1,0,0.0
63,0.0,1,male,83.475,S,train,Mr,2,0,0.5
64,0.0,3,male,27.9,S,train,Master,6,1,0.0
65,0.0,1,male,27.7208,C,train,Mr,1,0,0.0
66,1.0,3,male,15.2458,C,train,Master,3,0,1.0
67,1.0,2,female,10.5,S,train,Mrs,1,0,0.0
68,0.0,3,male,8.1583,S,train,Mr,1,1,0.0
69,1.0,3,female,7.925,S,train,Miss,7,1,0.0
70,0.0,3,male,8.6625,S,train,Mr,3,0,0.0
71,0.0,2,male,10.5,S,train,Mr,1,0,0.0
72,0.0,3,female,46.9,S,train,Miss,8,1,0.0
73,0.0,2,male,73.5,S,train,Mr,1,0,0.0
74,0.0,3,male,14.4542,C,train,Mr,2,0,0.0
75,1.0,3,male,56.4958,S,train,Mr,1,0,0.0
76,0.0,3,male,7.65,S,train,Mr,1,0,0.0
77,0.0,3,male,7.8958,S,train,Mr,1,0,0.0
78,0.0,3,male,8.05,S,train,Mr,1,0,0.0
79,1.0,2,male,29.0,S,train,Master,3,1,1.0
80,1.0,3,female,12.475,S,train,Miss,1,0,0.0
81,0.0,3,male,9.0,S,train,Mr,1,0,0.0
82,1.0,3,male,9.5,S,train,Mr,1,0,0.0
83,1.0,3,female,7.7875,Q,train,Miss,1,1,0.0
84,0.0,1,male,47.1,S,train,Mr,1,0,0.0
85,1.0,2,female,10.5,S,train,Miss,1,1,0.0
86,1.0,3,female,15.85,S,train,Mrs,4,0,0.5
87,0.0,3,male,34.375,S,train,Mr,5,1,0.0
88,0.0,3,male,8.05,S,train,Mr,1,0,0.0
89,1.0,1,female,263.0,S,train,Miss,6,0,0.5
90,0.0,3,male,8.05,S,train,Mr,1,0,0.0
91,0.0,3,male,8.05,S,train,Mr,1,0,0.0
92,0.0,3,male,7.8542,S,train,Mr,1,0,0.0
93,0.0,1,male,61.175,S,train,Mr,2,0,0.0
94,0.0,3,male,20.575,S,train,Mr,4,0,0.5
95,0.0,3,male,7.25,S,train,Mr,1,0,0.0
96,0.0,3,male,8.05,S,train,Mr,1,0,0.0
97,0.0,1,male,34.6542,C,train,Mr,1,0,0.0
98,1.0,1,male,63.3583,C,train,Mr,2,0,1.0
99,1.0,2,female,23.0,S,train,Mrs,2,0,1.0
100,0.0,2,male,26.0,S,train,Mr,2,0,0.5
101,0.0,3,female,7.8958,S,train,Miss,1,0,0.0
102,0.0,3,male,7.8958,S,train,Mr,1,0,0.0
103,0.0,1,male,77.2875,S,train,Mr,2,0,0.0
104,0.0,3,male,8.6542,S,train,Mr,1,0,0.0
105,0.0,3,male,7.925,S,train,Mr,3,0,0.0
106,0.0,3,male,7.8958,S,train,Mr,1,0,0.0
107,1.0,3,female,7.65,S,train,Miss,1,0,0.0
108,1.0,3,male,7.775,S,train,Mr,1,0,0.0
109,0.0,3,male,7.8958,S,train,Mr,1,0,0.0
110,1.0,3,female,24.15,Q,train,Miss,2,1,0.5
111,0.0,1,male,52.0,S,train,Mr,1,0,0.0
112,0.0,3,female,14.4542,C,train,Miss,2,1,0.0
113,0.0,3,male,8.05,S,train,Mr,1,0,0.0
114,0.0,3,female,9.825,S,train,Miss,2,0,0.0
115,0.0,3,female,14.4583,C,train,Miss,1,1,0.0
116,0.0,3,male,7.925,S,train,Mr,1,0,0.0
117,0.0,3,male,7.75,Q,train,Mr,1,0,0.0
118,0.0,2,male,21.0,S,train,Mr,2,0,0.0
119,0.0,1,male,247.5208,C,train,Mr,2,0,0.5
120,0.0,3,female,31.275,S,train,Miss,7,1,0.0
121,0.0,2,male,73.5,S,train,Mr,3,0,0.0
122,0.0,3,male,8.05,S,train,Mr,1,0,0.0
123,0.0,2,male,30.0708,C,train,Mr,2,0,0.5
124,1.0,2,female,13.0,S,train,Miss,1,0,0.0
125,0.0,1,male,77.2875,S,train,Mr,2,0,0.0
126,1.0,3,male,11.2417,C,train,Master,2,1,1.0
127,0.0,3,male,7.75,Q,train,Mr,1,0,0.0
128,1.0,3,male,7.1417,S,train,Mr,1,0,0.0
129,1.0,3,female,22.3583,C,train,Miss,3,1,1.0
130,0.0,3,male,6.975,S,train,Mr,1,0,0.0
131,0.0,3,male,7.8958,C,train,Mr,1,0,0.0
132,0.0,3,male,7.05,S,train,Mr,1,0,0.0
133,0.0,3,female,14.5,S,train,Mrs,2,0,0.0
134,1.0,2,female,26.0,S,train,Mrs,2,0,1.0
135,0.0,2,male,13.0,S,train,Mr,1,0,0.0
136,0.0,2,male,15.0458,C,train,Mr,1,0,0.0
137,1.0,1,female,26.2833,S,train,Miss,3,1,0.0
138,0.0,1,male,53.1,S,train,Mr,2,0,0.5
139,0.0,3,male,9.2167,S,train,Mr,1,1,0.0
140,0.0,1,male,79.2,C,train,Mr,1,0,0.0
141,0.0,3,female,15.2458,C,train,Mrs,3,1,0.0
142,1.0,3,female,7.75,S,train,Miss,1,0,0.0
143,1.0,3,female,15.85,S,train,Mrs,2,0,0.5
144,0.0,3,male,6.75,Q,train,Mr,1,1,0.0
145,0.0,2,male,11.5,S,train,Mr,1,1,0.0
146,0.0,2,male,36.75,S,train,Mr,3,1,0.0
147,1.0,3,male,7.7958,S,train,Mr,1,0,0.0
148,0.0,3,female,34.375,S,train,Miss,5,1,0.0
149,0.0,2,male,26.0,S,train,Mr,3,0,0.6666666666666666
150,0.0,2,male,13.0,S,train,Other,1,0,0.0
151,0.0,2,male,12.525,S,train,Other,1,0,0.0
152,1.0,1,female,66.6,S,train,Mrs,2,0,0.5
153,0.0,3,male,8.05,S,train,Mr,1,0,0.0
154,0.0,3,male,14.5,S,train,Mr,3,0,0.0
155,0.0,3,male,7.3125,S,train,Mr,1,0,0.0
156,0.0,1,male,61.3792,C,train,Mr,2,0,0.0
157,1.0,3,female,7.7333,Q,train,Miss,1,1,0.0
158,0.0,3,male,8.05,S,train,Mr,1,0,0.0
159,0.0,3,male,8.6625,S,train,Mr,1,0,0.0
160,0.0,3,male,69.55,S,train,Master,11,0,0.0
161,0.0,3,male,16.1,S,train,Mr,2,0,0.0
162,1.0,2,female,15.75,S,train,Mrs,1,0,1.0
163,0.0,3,male,7.775,S,train,Mr,1,0,0.0
164,0.0,3,male,8.6625,S,train,Mr,1,1,0.0
165,0.0,3,male,39.6875,S,train,Master,6,1,0.0
166,1.0,3,male,20.525,S,train,Master,3,1,0.6666666666666666
167,1.0,1,female,55.0,S,train,Mrs,2,1,0.0
168,0.0,3,female,27.9,S,train,Mrs,6,0,0.0
169,0.0,1,male,25.925,S,train,Mr,1,0,0.0
170,0.0,3,male,56.4958,S,train,Mr,1,0,0.0
171,0.0,1,male,33.5,S,train,Mr,1,0,0.0
172,0.0,3,male,29.125,Q,train,Master,6,1,0.0
173,1.0,3,female,11.1333,S,train,Miss,3,1,1.0
174,0.0,3,male,7.925,S,train,Mr,1,0,0.0
175,0.0,1,male,30.6958,C,train,Mr,1,0,0.0
176,0.0,3,male,7.8542,S,train,Mr,3,1,0.0
177,0.0,3,male,25.4667,S,train,Master,5,0,0.0
178,0.0,1,female,28.7125,C,train,Miss,1,0,0.0
179,0.0,2,male,13.0,S,train,Mr,1,0,0.0
180,0.0,3,male,0.0,S,train,Mr,1,0,0.0
181,0.0,3,female,69.55,S,train,Miss,11,1,0.0
182,0.0,2,male,15.05,C,train,Mr,1,0,0.0
183,0.0,3,male,31.3875,S,train,Master,7,1,0.75
184,1.0,2,male,39.0,S,train,Master,4,1,1.0
185,1.0,3,female,22.025,S,train,Miss,3,1,1.0
186,0.0,1,male,50.0,S,train,Mr,1,0,0.0
187,1.0,3,female,15.5,Q,train,Mrs,2,1,0.5
188,1.0,1,male,26.55,S,train,Mr,1,0,0.0
189,0.0,3,male,15.5,Q,train,Mr,3,0,0.0
190,0.0,3,male,7.8958,S,train,Mr,1,0,0.0
191,1.0,2,female,13.0,S,train,Mrs,1,0,0.0
192,0.0,2,male,13.0,S,train,Mr,1,1,0.0
193,1.0,3,female,7.8542,S,train,Miss,2,1,0.0
194,1.0,2,male,26.0,S,train,Master,3,1,0.6666666666666666
195,1.0,1,female,27.7208,C,train,Mrs,1,0,0.0
196,1.0,1,female,146.5208,C,train,Miss,1,0,0.0
197,0.0,3,male,7.75,Q,train,Mr,1,0,0.0
198,0.0,3,male,8.4042,S,train,Mr,2,0,0.0
199,1.0,3,female,7.75,Q,train,Miss,1,1,0.0
200,0.0,2,female,13.0,S,train,Miss,1,0,0.0
201,0.0,3,male,9.5,S,train,Mr,1,0,0.0
202,0.0,3,male,69.55,S,train,Mr,11,0,0.0
203,0.0,3,male,6.4958,S,train,Mr,1,0,0.0
204,0.0,3,male,7.225,C,train,Mr,1,0,0.0
205,1.0,3,male,8.05,S,train,Mr,1,1,0.0
206,0.0,3,female,10.4625,S,train,Miss,2,1,0.0
207,0.0,3,male,15.85,S,train,Mr,2,0,0.5
208,1.0,3,male,18.7875,C,train,Mr,1,0,0.0
209,1.0,3,female,7.75,Q,train,Miss,1,1,0.0
210,1.0,1,male,31.0,C,train,Mr,1,0,0.0
211,0.0,3,male,7.05,S,train,Mr,1,0,0.0
212,1.0,2,female,21.0,S,train,Miss,1,0,0.0
213,0.0,3,male,7.25,S,train,Mr,1,0,0.0
214,0.0,2,male,13.0,S,train,Mr,1,0,0.0
215,0.0,3,male,7.75,Q,train,Mr,2,0,0.0
216,1.0,1,female,113.275,C,train,Miss,2,0,0.6666666666666666
217,1.0,3,female,7.925,S,train,Miss,1,0,0.0
218,0.0,2,male,27.0,S,train,Mr,2,0,0.5
219,1.0,1,female,76.2917,C,train,Miss,1,0,0.0
220,0.0,2,male,10.5,S,train,Mr,1,0,0.0
221,1.0,3,male,8.05,S,train,Mr,1,1,0.0
222,0.0,2,male,13.0,S,train,Mr,1,0,0.0
223,0.0,3,male,8.05,S,train,Mr,1,0,0.0
224,0.0,3,male,7.8958,S,train,Mr,1,0,0.0
225,1.0,1,male,90.0,S,train,Mr,2,0,1.0
226,0.0,3,male,9.35,S,train,Mr,1,0,0.0
227,1.0,2,male,10.5,S,train,Mr,1,1,0.0
228,0.0,3,male,7.25,S,train,Mr,1,0,0.0
229,0.0,2,male,13.0,S,train,Mr,1,1,0.0
230,0.0,3,female,25.4667,S,train,Miss,5,1,0.0
231,1.0,1,female,83.475,S,train,Mrs,2,0,0.5
232,0.0,3,male,7.775,S,train,Mr,1,0,0.0
233,0.0,2,male,13.5,S,train,Mr,1,0,0.0
234,1.0,3,female,31.3875,S,train,Miss,7,1,0.75
235,0.0,2,male,10.5,S,train,Mr,1,0,0.0
236,0.0,3,female,7.55,S,train,Miss,1,1,0.0
237,0.0,2,male,26.0,S,train,Mr,2,0,0.0
238,1.0,2,female,26.25,S,train,Miss,3,1,0.6666666666666666
239,0.0,2,male,10.5,S,train,Mr,1,1,0.0
240,0.0,2,male,12.275,S,train,Mr,1,0,0.0
241,0.0,3,female,14.4542,C,train,Miss,2,1,0.0
242,1.0,3,female,15.5,Q,train,Miss,2,1,1.0
243,0.0,2,male,10.5,S,train,Mr,1,0,0.0
244,0.0,3,male,7.125,S,train,Mr,1,0,0.0
245,0.0,3,male,7.225,C,train,Mr,1,0,0.0
246,0.0,1,male,90.0,Q,train,Other,3,0,0.5
247,0.0,3,female,7.775,S,train,Miss,1,0,0.0
248,1.0,2,female,14.5,S,train,Mrs,3,0,1.0
249,1.0,1,male,52.5542,S,train,Mr,3,0,1.0
250,0.0,2,male,26.0,S,train,Other,2,0,0.0
251,0.0,3,male,7.25,S,train,Mr,1,0,0.0
252,0.0,3,female,10.4625,S,train,Mrs,3,0,0.0
253,0.0,1,male,26.55,S,train,Mr,1,0,0.0
254,0.0,3,male,16.1,S,train,Mr,2,0,0.0
255,0.0,3,female,20.2125,S,train,Mrs,3,0,0.0
256,1.0,3,female,15.2458,C,train,Mrs,3,0,1.0
257,1.0,1,female,79.2,C,train,Mrs,1,1,0.0
258,1.0,1,female,86.5,S,train,Miss,1,0,0.0
259,1.0,1,female,512.3292,C,train,Miss,1,0,0.0
260,1.0,2,female,26.0,S,train,Mrs,2,0,0.0
261,0.0,3,male,7.75,Q,train,Mr,1,0,0.0
262,1.0,3,male,31.3875,S,train,Master,7,1,0.75
263,0.0,1,male,79.65,S,train,Mr,3,0,0.6666666666666666
264,0.0,1,male,0.0,S,train,Mr,1,0,0.0
265,0.0,3,female,7.75,Q,train,Miss,1,1,0.0
266,0.0,2,male,10.5,S,train,Mr,1,0,0.0
267,0.0,3,male,39.6875,S,train,Mr,6,1,0.0
268,1.0,3,male,7.775,S,train,Mr,2,0,0.0
269,1.0,1,female,153.4625,S,train,Mrs,2,0,0.5
270,1.0,1,female,135.6333,S,train,Miss,1,0,0.0
271,0.0,1,male,31.0,S,train,Mr,1,0,0.0
272,1.0,3,male,0.0,S,train,Mr,1,0,0.0
273,1.0,2,female,19.5,S,train,Mrs,2,0,1.0
274,0.0,1,male,29.7,C,train,Mr,2,0,0.0
275,1.0,3,female,7.75,Q,train,Miss,1,1,0.0
276,1.0,1,female,77.9583,S,train,Miss,2,0,0.0
277,0.0,3,female,7.75,S,train,Miss,1,0,0.0
278,0.0,2,male,0.0,S,train,Mr,1,0,0.0
279,0.0,3,male,29.125,Q,train,Master,6,1,0.0
280,1.0,3,female,20.25,S,train,Mrs,3,0,0.5
281,0.0,3,male,7.75,Q,train,Mr,1,0,0.0
282,0.0,3,male,7.8542,S,train,Mr,1,0,0.0
283,0.0,3,male,9.5,S,train,Mr,1,1,0.0
284,1.0,3,male,8.05,S,train,Mr,1,1,0.0
285,0.0,1,male,26.0,S,train,Mr,1,0,0.0
286,0.0,3,male,8.6625,C,train,Mr,1,0,0.0
287,1.0,3,male,9.5,S,train,Mr,1,0,0.0
288,0.0,3,male,7.8958,S,train,Mr,1,0,0.0
289,1.0,2,male,13.0,S,train,Mr,1,0,0.0
290,1.0,3,female,7.75,Q,train,Miss,1,0,0.0
291,1.0,1,female,78.85,S,train,Miss,1,0,0.0
292,1.0,1,female,91.0792,C,train,Mrs,2,1,1.0
293,0.0,2,male,12.875,C,train,Mr,1,0,0.0
294,0.0,3,female,8.85,S,train,Miss,1,0,0.0
295,0.0,3,male,7.8958,S,train,Mr,1,0,0.0
296,0.0,1,male,27.7208,C,train,Mr,1,0,0.0
297,0.0,3,male,7.2292,C,train,Mr,1,0,0.0
298,0.0,1,female,151.55,S,train,Miss,4,1,0.3333333333333333
299,1.0,1,male,30.5,S,train,Mr,1,0,0.0
300,1.0,1,female,247.5208,C,train,Mrs,2,0,0.5
301,1.0,3,female,7.75,Q,train,Miss,1,1,0.0
302,1.0,3,male,23.25,Q,train,Mr,3,0,1.0
303,0.0,3,male,0.0,S,train,Mr,1,1,0.0
304,1.0,2,female,12.35,Q,train,Miss,1,1,0.0
305,0.0,3,male,8.05,S,train,Mr,1,0,0.0
306,1.0,1,male,151.55,S,train,Master,4,1,0.3333333333333333
307,1.0,1,female,110.8833,C,train,Miss,1,1,0.0
308,1.0,1,female,108.9,C,train,Mrs,2,1,0.5
309,0.0,2,male,24.0,C,train,Mr,2,0,0.5
310,1.0,1,female,56.9292,C,train,Miss,1,0,0.0
311,1.0,1,female,83.1583,C,train,Miss,1,0,0.0
312,1.0,1,female,262.375,C,train,Miss,5,1,1.0
313,0.0,2,female,26.0,S,train,Mrs,3,0,0.0
314,0.0,3,male,7.8958,S,train,Mr,1,0,0.0
315,0.0,2,male,26.25,S,train,Mr,3,0,0.6666666666666666
316,1.0,3,female,7.8542,S,train,Miss,1,0,0.0
317,1.0,2,female,26.0,S,train,Mrs,2,0,0.5
318,0.0,2,male,14.0,S,train,Other,1,0,0.0
319,1.0,1,female,164.8667,S,train,Miss,3,0,1.0
320,1.0,1,female,134.5,C,train,Mrs,3,0,1.0
321,0.0,3,male,7.25,S,train,Mr,1,0,0.0
322,0.0,3,male,7.8958,S,train,Mr,1,0,0.0
323,1.0,2,female,12.35,Q,train,Miss,1,0,0.0
324,1.0,2,female,29.0,S,train,Mrs,3,0,1.0
325,0.0,3,male,69.55,S,train,Mr,11,0,0.0
326,1.0,1,female,135.6333,C,train,Miss,1,0,0.0
327,0.0,3,male,6.2375,S,train,Mr,1,0,0.0
328,1.0,2,female,13.0,S,train,Mrs,1,0,0.0
329,1.0,3,female,20.525,S,train,Mrs,3,0,0.6666666666666666
330,1.0,1,female,57.9792,C,train,Miss,2,1,1.0
331,1.0,3,female,23.25,Q,train,Miss,3,1,1.0
332,0.0,1,male,28.5,S,train,Mr,1,0,0.0
333,0.0,1,male,153.4625,S,train,Mr,2,0,0.5
334,0.0,3,male,18.0,S,train,Mr,3,1,0.0
335,1.0,1,female,133.65,S,train,Mrs,2,1,1.0
336,0.0,3,male,7.8958,S,train,Mr,1,0,0.0
337,0.0,1,male,66.6,S,train,Mr,2,0,0.5
338,1.0,1,female,134.5,C,train,Miss,1,0,0.0
339,1.0,3,male,8.05,S,train,Mr,1,0,0.0
340,0.0,1,male,35.5,S,train,Mr,1,0,0.0
341,1.0,2,male,26.0,S,train,Master,3,1,0.6666666666666666
342,1.0,1,female,263.0,S,train,Miss,6,0,0.5
343,0.0,2,male,13.0,S,train,Mr,1,0,0.0
344,0.0,2,male,13.0,S,train,Mr,1,0,0.0
345,0.0,2,male,13.0,S,train,Mr,1,0,0.0
346,1.0,2,female,13.0,S,train,Miss,1,0,0.0
347,1.0,2,female,13.0,S,train,Miss,1,0,0.0
348,1.0,3,female,16.1,S,train,Mrs,2,1,1.0
349,1.0,3,male,15.9,S,train,Master,3,1,1.0
350,0.0,3,male,8.6625,S,train,Mr,1,0,0.0
351,0.0,3,male,9.225,S,train,Mr,1,0,0.0
352,0.0,1,male,35.0,S,train,Mr,1,0,0.0
353,0.0,3,male,7.2292,C,train,Mr,3,1,0.0
354,0.0,3,male,17.8,S,train,Mr,2,0,0.0
355,0.0,3,male,7.225,C,train,Mr,1,0,0.0
356,0.0,3,male,9.5,S,train,Mr,1,0,0.0
357,1.0,1,female,55.0,S,train,Miss,2,0,0.0
358,0.0,2,female,13.0,S,train,Miss,1,0,0.0
359,1.0,3,female,7.8792,Q,train,Miss,1,1,0.0
360,1.0,3,female,7.8792,Q,train,Miss,1,1,0.0
361,0.0,3,male,27.9,S,train,Mr,6,0,0.0
362,0.0,2,male,27.7208,C,train,Mr,2,0,0.0
363,0.0,3,female,14.4542,C,train,Mrs,2,0,0.0
364,0.0,3,male,7.05,S,train,Mr,1,0,0.0
365,0.0,3,male,15.5,Q,train,Mr,2,0,0.5
366,0.0,3,male,7.25,S,train,Mr,1,0,0.0
367,1.0,1,female,75.25,C,train,Mrs,2,0,1.0
368,1.0,3,female,7.2292,C,train,Mrs,1,1,0.0
369,1.0,3,female,7.75,Q,train,Miss,1,1,0.0
370,1.0,1,female,69.3,C,train,Mrs,1,0,0.0
371,1.0,1,male,55.4417,C,train,Mr,2,0,1.0
372,0.0,3,male,6.4958,S,train,Mr,2,1,0.0
373,0.0,3,male,8.05,S,train,Mr,1,1,0.0
374,0.0,1,male,135.6333,C,train,Mr,1,0,0.0
375,0.0,3,female,21.075,S,train,Miss,5,1,0.0
376,1.0,1,female,82.1708,C,train,Mrs,2,1,0.5
377,1.0,3,female,7.25,S,train,Miss,1,0,0.0
378,0.0,1,male,211.5,C,train,Mr,3,0,0.0
379,0.0,3,male,4.0125,C,train,Mr,1,0,0.0
380,0.0,3,male,7.775,S,train,Mr,1,1,0.0
381,1.0,1,female,227.525,C,train,Miss,1,0,0.0
382,1.0,3,female,15.7417,C,train,Miss,3,1,1.0
383,0.0,3,male,7.925,S,train,Mr,1,0,0.0
384,1.0,1,female,52.0,S,train,Mrs,2,0,0.5
385,0.0,3,male,7.8958,S,train,Mr,1,0,0.0
386,0.0,2,male,73.5,S,train,Mr,1,1,0.0
387,0.0,3,male,46.9,S,train,Master,8,1,0.0
388,1.0,2,female,13.0,S,train,Miss,1,0,0.0
389,0.0,3,male,7.7292,Q,train,Mr,1,0,0.0
390,1.0,2,female,12.0,C,train,Miss,1,1,0.0
391,1.0,1,male,120.0,S,train,Mr,4,0,1.0
392,1.0,3,male,7.7958,S,train,Mr,1,0,0.0
393,0.0,3,male,7.925,S,train,Mr,3,0,0.0
394,1.0,1,female,113.275,C,train,Miss,2,0,0.6666666666666666
395,1.0,3,female,16.7,S,train,Mrs,3,0,1.0
396,0.0,3,male,7.7958,S,train,Mr,1,0,0.0
397,0.0,3,female,7.8542,S,train,Miss,1,0,0.0
398,0.0,2,male,26.0,S,train,Mr,1,0,0.0
399,0.0,2,male,10.5,S,train,Other,1,0,0.0
400,1.0,2,female,12.65,S,train,Mrs,1,0,0.0
401,1.0,3,male,7.925,S,train,Mr,1,0,0.0
402,0.0,3,male,8.05,S,train,Mr,1,0,0.0
403,0.0,3,female,9.825,S,train,Miss,2,0,0.0
404,0.0,3,male,15.85,S,train,Mr,2,0,0.5
405,0.0,3,female,8.6625,S,train,Miss,1,0,0.0
406,0.0,2,male,21.0,S,train,Mr,2,0,0.0
407,0.0,3,male,7.75,S,train,Mr,1,0,0.0
408,1.0,2,male,18.75,S,train,Master,3,1,1.0
409,0.0,3,male,7.775,S,train,Mr,1,0,0.0
410,0.0,3,female,25.4667,S,train,Miss,5,1,0.0
411,0.0,3,male,7.8958,S,train,Mr,1,0,0.0
412,0.0,3,male,6.8583,Q,train,Mr,1,0,0.0
413,1.0,1,female,90.0,Q,train,Miss,2,0,0.5
414,0.0,2,male,0.0,S,train,Mr,1,0,0.0
415,1.0,3,male,7.925,S,train,Mr,1,0,0.0
416,0.0,3,female,8.05,S,train,Mrs,1,1,0.0
417,1.0,2,female,32.5,S,train,Mrs,3,0,1.0
418,1.0,2,female,13.0,S,train,Miss,3,1,0.0
419,0.0,2,male,13.0,S,train,Mr,1,0,0.0
420,0.0,3,female,24.15,S,train,Miss,3,1,0.0
421,0.0,3,male,7.8958,C,train,Mr,1,0,0.0
422,0.0,3,male,7.7333,Q,train,Mr,1,0,0.0
423,0.0,3,male,7.875,S,train,Mr,1,0,0.0
424,0.0,3,female,14.4,S,train,Mrs,3,0,0.0
425,0.0,3,male,20.2125,S,train,Mr,3,1,0.0
426,0.0,3,male,7.25,S,train,Mr,1,0,0.0
427,1.0,2,female,26.0,S,train,Mrs,2,0,1.0
428,1.0,2,female,26.0,S,train,Miss,1,1,0.0
429,0.0,3,male,7.75,Q,train,Mr,1,0,0.0
430,1.0,3,male,8.05,S,train,Mr,1,0,0.0
431,1.0,1,male,26.55,S,train,Mr,1,0,0.0
432,1.0,3,female,16.1,S,train,Mrs,2,1,0.5
433,1.0,2,female,26.0,S,train,Mrs,2,0,1.0
434,0.0,3,male,7.125,S,train,Mr,1,1,0.0
435,0.0,1,male,55.9,S,train,Mr,2,0,0.5
436,1.0,1,female,120.0,S,train,Miss,4,1,1.0
437,0.0,3,female,34.375,S,train,Miss,5,0,0.0
438,1.0,2,female,18.75,S,train,Mrs,6,0,1.0
439,0.0,1,male,263.0,S,train,Mr,6,0,0.5
440,0.0,2,male,10.5,S,train,Mr,1,0,0.0
441,1.0,2,female,26.25,S,train,Mrs,3,0,0.6666666666666666
442,0.0,3,male,9.5,S,train,Mr,1,0,0.0
443,0.0,3,male,7.775,S,train,Mr,2,0,0.0
444,1.0,2,female,13.0,S,train,Miss,1,0,0.0
445,1.0,3,male,8.1125,S,train,Mr,1,0,0.0
446,1.0,1,male,81.8583,S,train,Master,3,1,1.0
447,1.0,2,female,19.5,S,train,Miss,2,1,1.0
448,1.0,1,male,26.55,S,train,Mr,1,0,0.0
449,1.0,3,female,19.2583,C,train,Miss,4,1,1.0
450,1.0,1,male,30.5,S,train,Military,1,0,0.0
451,0.0,2,male,27.75,S,train,Mr,4,0,0.6666666666666666
452,0.0,3,male,19.9667,S,train,Mr,2,0,0.0
453,0.0,1,male,27.75,C,train,Mr,1,0,0.0
454,1.0,1,male,89.1042,C,train,Mr,2,0,1.0
455,0.0,3,male,8.05,S,train,Mr,1,0,0.0
456,1.0,3,male,7.8958,C,train,Mr,1,0,0.0
457,0.0,1,male,26.55,S,train,Mr,1,0,0.0
458,1.0,1,female,51.8625,S,train,Mrs,2,1,1.0
459,1.0,2,female,10.5,S,train,Miss,1,0,0.0
460,0.0,3,male,7.75,Q,train,Mr,1,0,0.0
461,1.0,1,male,26.55,S,train,Mr,1,0,0.0
462,0.0,3,male,8.05,S,train,Mr,1,0,0.0
463,0.0,1,male,38.5,S,train,Mr,1,0,0.0
464,0.0,2,male,13.0,S,train,Mr,1,0,0.0
465,0.0,3,male,8.05,S,train,Mr,1,0,0.0
466,0.0,3,male,7.05,S,train,Mr,1,0,0.0
467,0.0,2,male,0.0,S,train,Mr,1,0,0.0
468,0.0,1,male,26.55,S,train,Mr,1,0,0.0
469,0.0,3,male,7.725,Q,train,Mr,1,0,0.0
470,1.0,3,female,19.2583,C,train,Miss,4,1,1.0
471,0.0,3,male,7.25,S,train,Mr,1,0,0.0
472,0.0,3,male,8.6625,S,train,Mr,1,0,0.0
473,1.0,2,female,27.75,S,train,Mrs,4,0,0.6666666666666666
474,1.0,2,female,13.7917,C,train,Mrs,1,0,0.0
475,0.0,3,female,9.8375,S,train,Miss,1,0,0.0
476,0.0,1,male,52.0,S,train,Mr,1,0,0.0
477,0.0,2,male,21.0,S,train,Mr,2,0,0.5
478,0.0,3,male,7.0458,S,train,Mr,2,0,0.0
479,0.0,3,male,7.5208,S,train,Mr,1,0,0.0
480,1.0,3,female,12.2875,S,train,Miss,2,1,1.0
481,0.0,3,male,46.9,S,train,Master,8,1,0.0
482,0.0,2,male,0.0,S,train,Mr,1,0,0.0
483,0.0,3,male,8.05,S,train,Mr,1,0,0.0
484,1.0,3,female,9.5875,S,train,Mrs,1,0,0.0
485,1.0,1,male,91.0792,C,train,Mr,2,0,1.0
486,0.0,3,female,25.4667,S,train,Miss,5,1,0.0
487,1.0,1,female,90.0,S,train,Mrs,2,0,1.0
488,0.0,1,male,29.7,C,train,Mr,1,0,0.0
489,0.0,3,male,8.05,S,train,Mr,1,0,0.0
490,1.0,3,male,15.9,S,train,Master,3,1,1.0
491,0.0,3,male,19.9667,S,train,Mr,2,0,0.0
492,0.0,3,male,7.25,S,train,Mr,1,0,0.0
493,0.0,1,male,30.5,S,train,Mr,1,0,0.0
494,0.0,1,male,49.5042,C,train,Mr,1,0,0.0
495,0.0,3,male,8.05,S,train,Mr,1,0,0.0
496,0.0,3,male,14.4583,C,train,Mr,1,0,0.0
497,1.0,1,female,78.2667,C,train,Miss,2,0,0.0
498,0.0,3,male,15.1,S,train,Mr,1,0,0.0
499,0.0,1,female,151.55,S,train,Mrs,4,0,0.3333333333333333
500,0.0,3,male,7.7958,S,train,Mr,1,0,0.0
501,0.0,3,male,8.6625,S,train,Mr,1,1,0.0
502,0.0,3,female,7.75,Q,train,Miss,1,0,0.0
503,0.0,3,female,7.6292,Q,train,Miss,1,1,0.0
504,0.0,3,female,9.5875,S,train,Miss,1,0,0.0
505,1.0,1,female,86.5,S,train,Miss,1,1,0.0
506,0.0,1,male,108.9,C,train,Mr,2,1,0.5
507,1.0,2,female,26.0,S,train,Mrs,3,0,1.0
508,1.0,1,male,26.55,S,train,Mr,1,0,0.0
509,0.0,3,male,22.525,S,train,Mr,1,0,0.0
510,1.0,3,male,56.4958,S,train,Mr,1,0,0.0
511,1.0,3,male,7.75,Q,train,Mr,1,0,0.0
512,0.0,3,male,8.05,S,train,Mr,1,0,0.0
513,1.0,1,male,26.2875,S,train,Mr,1,0,0.0
514,1.0,1,female,59.4,C,train,Mrs,2,0,1.0
515,0.0,3,male,7.4958,S,train,Mr,1,0,0.0
516,0.0,1,male,34.0208,S,train,Mr,1,0,0.0
517,1.0,2,female,10.5,S,train,Mrs,1,0,0.0
518,0.0,3,male,24.15,Q,train,Mr,1,0,0.0
519,1.0,2,female,26.0,S,train,Mrs,2,0,1.0
520,0.0,3,male,7.8958,S,train,Mr,1,0,0.0
521,1.0,1,female,93.5,S,train,Miss,1,0,0.0
522,0.0,3,male,7.8958,S,train,Mr,1,0,0.0
523,0.0,3,male,7.225,C,train,Mr,1,0,0.0
524,1.0,1,female,57.9792,C,train,Mrs,2,0,1.0
525,0.0,3,male,7.2292,C,train,Mr,1,0,0.0
526,0.0,3,male,7.75,Q,train,Mr,1,0,0.0
527,1.0,2,female,10.5,S,train,Miss,1,0,0.0
528,0.0,1,male,221.7792,S,train,Mr,1,0,0.0
529,0.0,3,male,7.925,S,train,Mr,1,0,0.0
530,0.0,2,male,11.5,S,train,Mr,4,0,0.0
531,1.0,2,female,26.0,S,train,Miss,3,1,1.0
532,0.0,3,male,7.2292,C,train,Mr,1,0,0.0
533,0.0,3,male,7.2292,C,train,Mr,3,1,0.0
534,1.0,3,female,22.3583,C,train,Mrs,3,1,1.0
535,0.0,3,female,8.6625,S,train,Miss,1,0,0.0
536,1.0,2,female,26.25,S,train,Miss,3,1,0.6666666666666666
537,0.0,1,male,26.55,S,train,Military,1,0,0.0
538,1.0,1,female,106.425,C,train,Miss,1,0,0.0
539,0.0,3,male,14.5,S,train,Mr,1,0,0.0
540,1.0,1,female,49.5,C,train,Miss,3,0,0.0
541,1.0,1,female,71.0,S,train,Miss,3,0,0.5
542,0.0,3,female,31.275,S,train,Miss,7,1,0.0
543,0.0,3,female,31.275,S,train,Miss,7,1,0.0
544,1.0,2,male,26.0,S,train,Mr,2,0,1.0
545,0.0,1,male,106.425,C,train,Mr,2,0,0.0
546,0.0,1,male,26.0,S,train,Mr,1,0,0.0
547,1.0,2,female,26.0,S,train,Mrs,2,1,1.0
548,1.0,2,male,13.8625,C,train,Mr,1,0,0.0
549,0.0,3,male,20.525,S,train,Mr,3,0,0.6666666666666666
550,1.0,2,male,36.75,S,train,Master,3,1,1.0
551,1.0,1,male,110.8833,C,train,Mr,3,1,0.6666666666666666
552,0.0,2,male,26.0,S,train,Mr,1,0,0.0
553,0.0,3,male,7.8292,Q,train,Mr,1,0,0.0
554,1.0,3,male,7.225,C,train,Mr,1,0,0.0
555,1.0,3,female,7.775,S,train,Miss,1,0,0.0
556,0.0,1,male,26.55,S,train,Mr,1,0,0.0
557,1.0,1,female,39.6,C,train,Royal,2,0,0.0
558,0.0,1,male,227.525,C,train,Mr,1,0,0.0
559,1.0,1,female,79.65,S,train,Mrs,3,0,0.6666666666666666
560,1.0,3,female,17.4,S,train,Mrs,2,0,1.0
561,0.0,3,male,7.75,Q,train,Mr,1,0,0.0
562,0.0,3,male,7.8958,S,train,Mr,1,0,0.0
563,0.0,2,male,13.5,S,train,Mr,1,0,0.0
564,0.0,3,male,8.05,S,train,Mr,1,0,0.0
565,0.0,3,female,8.05,S,train,Miss,1,1,0.0
566,0.0,3,male,24.15,S,train,Mr,3,0,0.0
567,0.0,3,male,7.8958,S,train,Mr,1,1,0.0
568,0.0,3,female,21.075,S,train,Mrs,5,0,0.0
569,0.0,3,male,7.2292,C,train,Mr,1,0,0.0
570,1.0,3,male,7.8542,S,train,Mr,1,0,0.0
571,1.0,2,male,10.5,S,train,Mr,1,0,0.0
572,1.0,1,female,51.4792,S,train,Mrs,3,0,0.0
573,1.0,1,male,26.3875,S,train,Mr,1,0,0.0
574,1.0,3,female,7.75,Q,train,Miss,1,1,0.0
575,0.0,3,male,8.05,S,train,Mr,1,1,0.0
576,0.0,3,male,14.5,S,train,Mr,1,1,0.0
577,1.0,2,female,13.0,S,train,Miss,1,0,0.0
578,1.0,1,female,55.9,S,train,Mrs,2,0,0.5
579,0.0,3,female,14.4583,C,train,Mrs,2,1,0.0
580,1.0,3,male,7.925,S,train,Mr,1,0,0.0
581,1.0,2,female,30.0,S,train,Miss,3,0,1.0
582,1.0,1,female,110.8833,C,train,Mrs,3,0,0.6666666666666666
583,0.0,2,male,26.0,S,train,Mr,1,0,0.0
584,0.0,1,male,40.125,C,train,Mr,1,0,0.0
585,0.0,3,male,8.7125,C,train,Mr,1,0,0.0
586,1.0,1,female,79.65,S,train,Miss,3,1,0.6666666666666666
587,0.0,2,male,15.0,S,train,Mr,1,0,0.0
588,1.0,1,male,79.2,C,train,Mr,3,0,1.0
589,0.0,3,male,8.05,S,train,Mr,1,0,0.0
590,0.0,3,male,8.05,S,train,Mr,1,0,0.0
591,0.0,3,male,7.125,S,train,Mr,1,0,0.0
592,1.0,1,female,78.2667,C,train,Mrs,2,0,0.0
593,0.0,3,male,7.25,S,train,Mr,1,0,0.0
594,0.0,3,female,7.75,Q,train,Miss,3,1,0.0
595,0.0,2,male,26.0,S,train,Mr,2,0,0.0
596,0.0,3,male,24.15,S,train,Mr,3,0,0.0
597,1.0,2,female,33.0,S,train,Miss,1,1,0.0
598,0.0,3,male,0.0,S,train,Mr,1,0,0.0
599,0.0,3,male,7.225,C,train,Mr,1,0,0.0
600,1.0,1,male,56.9292,C,train,Royal,2,0,0.0
601,1.0,2,female,27.0,S,train,Mrs,4,0,0.5
602,0.0,3,male,7.8958,S,train,Mr,1,0,0.0
603,0.0,1,male,42.4,S,train,Mr,1,0,0.0
604,0.0,3,male,8.05,S,train,Mr,1,0,0.0
605,1.0,1,male,26.55,C,train,Mr,1,0,0.0
606,0.0,3,male,15.55,S,train,Mr,2,0,0.0
607,0.0,3,male,7.8958,S,train,Mr,1,0,0.0
608,1.0,1,male,30.5,S,train,Mr,1,0,0.0
609,1.0,2,female,41.5792,C,train,Mrs,4,0,0.6666666666666666
610,1.0,1,female,153.4625,S,train,Miss,1,0,0.0
611,0.0,3,female,31.275,S,train,Mrs,7,0,0.0
612,0.0,3,male,7.05,S,train,Mr,1,0,0.0
613,1.0,3,female,15.5,Q,train,Miss,2,1,1.0
614,0.0,3,male,7.75,Q,train,Mr,1,0,0.0
615,0.0,3,male,8.05,S,train,Mr,1,0,0.0
616,1.0,2,female,65.0,S,train,Miss,4,0,1.0
617,0.0,3,male,14.4,S,train,Mr,3,0,0.0
618,0.0,3,female,16.1,S,train,Mrs,2,0,0.0
619,1.0,2,female,39.0,S,train,Miss,4,1,1.0
620,0.0,2,male,10.5,S,train,Mr,1,0,0.0
621,0.0,3,male,14.4542,C,train,Mr,2,0,0.5
622,1.0,1,male,52.5542,S,train,Mr,2,0,1.0
623,1.0,3,male,15.7417,C,train,Mr,3,0,1.0
624,0.0,3,male,7.8542,S,train,Mr,1,0,0.0
625,0.0,3,male,16.1,S,train,Mr,1,0,0.0
626,0.0,1,male,32.3208,S,train,Mr,1,0,0.0
627,0.0,2,male,12.35,Q,train,Other,1,0,0.0
628,1.0,1,female,77.9583,S,train,Miss,1,0,0.0
629,0.0,3,male,7.8958,S,train,Mr,1,0,0.0
630,0.0,3,male,7.7333,Q,train,Mr,1,0,0.0
631,1.0,1,male,30.0,S,train,Mr,1,0,0.0
632,0.0,3,male,7.0542,S,train,Mr,1,0,0.0
633,1.0,1,male,30.5,C,train,Other,1,0,0.0
634,0.0,1,male,0.0,S,train,Mr,1,0,0.0
635,0.0,3,female,27.9,S,train,Miss,6,1,0.0
636,1.0,2,female,13.0,S,train,Miss,1,0,0.0
637,0.0,3,male,7.925,S,train,Mr,1,0,0.0
638,0.0,2,male,26.25,S,train,Mr,3,0,0.6666666666666666
639,0.0,3,female,39.6875,S,train,Mrs,6,0,0.0
640,0.0,3,male,16.1,S,train,Mr,2,0,0.5
641,0.0,3,male,7.8542,S,train,Mr,1,0,0.0
642,1.0,1,female,69.3,C,train,Miss,1,0,0.0
643,0.0,3,female,27.9,S,train,Miss,6,1,0.0
644,1.0,3,male,56.4958,S,train,Mr,1,0,0.0
645,1.0,3,female,19.2583,C,train,Miss,4,1,1.0
646,1.0,1,male,76.7292,C,train,Mr,2,0,1.0
647,0.0,3,male,7.8958,S,train,Mr,1,1,0.0
648,1.0,1,male,35.5,C,train,Military,1,0,0.0
649,0.0,3,male,7.55,S,train,Mr,1,0,0.0
650,1.0,3,female,7.55,S,train,Miss,1,0,0.0
651,0.0,3,male,7.8958,S,train,Mr,1,0,0.0
652,1.0,2,female,23.0,S,train,Miss,2,1,1.0
653,0.0,3,male,8.4333,S,train,Mr,1,0,0.0
654,1.0,3,female,7.8292,Q,train,Miss,1,1,0.0
655,0.0,3,female,6.75,Q,train,Miss,1,1,0.0
656,0.0,2,male,73.5,S,train,Mr,3,0,0.0
657,0.0,3,male,7.8958,S,train,Mr,1,0,0.0
658,0.0,3,female,15.5,Q,train,Mrs,3,0,0.0
659,0.0,2,male,13.0,S,train,Mr,1,0,0.0
660,0.0,1,male,113.275,C,train,Mr,3,0,0.6666666666666666
661,1.0,1,male,133.65,S,train,Other,3,0,1.0
662,0.0,3,male,7.225,C,train,Mr,1,0,0.0
663,0.0,1,male,25.5875,S,train,Mr,1,0,0.0
664,0.0,3,male,7.4958,S,train,Mr,1,0,0.0
665,1.0,3,male,7.925,S,train,Mr,2,0,0.0
666,0.0,2,male,73.5,S,train,Mr,3,0,0.0
667,0.0,2,male,13.0,S,train,Mr,1,0,0.0
668,0.0,3,male,7.775,S,train,Mr,1,0,0.0
669,0.0,3,male,8.05,S,train,Mr,1,0,0.0
670,1.0,1,female,52.0,S,train,Mrs,2,1,1.0
671,1.0,2,female,39.0,S,train,Mrs,3,0,0.5
672,0.0,1,male,52.0,S,train,Mr,2,0,0.0
673,0.0,2,male,10.5,S,train,Mr,1,0,0.0
674,1.0,2,male,13.0,S,train,Mr,1,0,0.0
675,0.0,2,male,0.0,S,train,Mr,1,0,0.0
676,0.0,3,male,7.775,S,train,Mr,1,1,0.0
677,0.0,3,male,8.05,S,train,Mr,1,0,0.0
678,1.0,3,female,9.8417,S,train,Miss,1,1,0.0
679,0.0,3,female,46.9,S,train,Mrs,8,0,0.0
680,1.0,1,male,512.3292,C,train,Mr,2,0,1.0
681,0.0,3,female,8.1375,Q,train,Miss,1,1,0.0
682,1.0,1,male,76.7292,C,train,Mr,1,0,0.0
683,0.0,3,male,9.225,S,train,Mr,1,0,0.0
684,0.0,3,male,46.9,S,train,Mr,8,1,0.0
685,0.0,2,male,39.0,S,train,Mr,3,0,0.5
686,0.0,2,male,41.5792,C,train,Mr,4,0,0.6666666666666666
687,0.0,3,male,39.6875,S,train,Mr,6,1,0.0
688,0.0,3,male,10.1708,S,train,Mr,1,1,0.0
689,0.0,3,male,7.7958,S,train,Mr,1,1,0.0
690,1.0,1,female,211.3375,S,train,Miss,2,1,0.0
691,1.0,1,male,57.0,S,train,Mr,2,0,1.0
692,1.0,3,female,13.4167,C,train,Miss,2,1,1.0
693,1.0,3,male,56.4958,S,train,Mr,1,0,0.5
694,0.0,3,male,7.225,C,train,Mr,1,0,0.0
695,0.0,1,male,26.55,S,train,Military,1,0,0.0
696,0.0,2,male,13.5,S,train,Mr,1,0,0.0
697,0.0,3,male,8.05,S,train,Mr,1,0,0.0
698,1.0,3,female,7.7333,Q,train,Miss,1,1,0.0
699,0.0,1,male,110.8833,C,train,Mr,3,0,0.6666666666666666
700,0.0,3,male,7.65,S,train,Mr,1,0,0.0
701,1.0,1,female,227.525,C,train,Mrs,2,1,1.0
702,1.0,1,male,26.2875,S,train,Mr,1,0,0.0
703,0.0,3,female,14.4542,C,train,Miss,2,1,0.0
704,0.0,3,male,7.7417,Q,train,Mr,1,0,0.0
705,0.0,3,male,7.8542,S,train,Mr,2,0,0.0
706,0.0,2,male,26.0,S,train,Mr,1,0,0.0
707,1.0,2,female,13.5,S,train,Mrs,1,0,0.0
708,1.0,1,male,26.2875,S,train,Mr,1,0,0.0
709,1.0,1,female,151.55,S,train,Miss,1,0,0.0
710,1.0,3,male,15.2458,C,train,Master,3,0,1.0
711,1.0,1,female,49.5042,C,train,Miss,1,0,0.0
712,0.0,1,male,26.55,S,train,Mr,1,0,0.0
713,1.0,1,male,52.0,S,train,Mr,2,0,1.0
714,0.0,3,male,9.4833,S,train,Mr,1,0,0.0
715,0.0,2,male,13.0,S,train,Mr,1,0,0.0
716,0.0,3,male,7.65,S,train,Mr,1,1,0.0
717,1.0,1,female,227.525,C,train,Miss,1,0,0.0
718,1.0,2,female,10.5,S,train,Miss,1,0,0.0
719,0.0,3,male,15.5,Q,train,Mr,1,0,0.0
720,0.0,3,male,7.775,S,train,Mr,1,0,0.0
721,1.0,2,female,33.0,S,train,Miss,2,1,0.5
722,0.0,3,male,7.0542,S,train,Mr,2,1,0.0
723,0.0,2,male,13.0,S,train,Mr,1,0,0.0
724,0.0,2,male,13.0,S,train,Mr,1,0,0.0
725,1.0,1,male,53.1,S,train,Mr,2,0,1.0
726,0.0,3,male,8.6625,S,train,Mr,1,0,0.0
727,1.0,2,female,21.0,S,train,Mrs,4,0,0.5
728,1.0,3,female,7.7375,Q,train,Miss,1,1,0.0
729,0.0,2,male,26.0,S,train,Mr,2,0,0.0
730,0.0,3,female,7.925,S,train,Miss,2,0,0.0
731,1.0,1,female,211.3375,S,train,Miss,1,0,0.0
732,0.0,3,male,18.7875,C,train,Mr,1,1,0.0
733,0.0,2,male,0.0,S,train,Mr,1,0,0.0
734,0.0,2,male,13.0,S,train,Mr,1,0,0.0
735,0.0,2,male,13.0,S,train,Mr,1,0,0.0
736,0.0,3,male,16.1,S,train,Mr,1,0,0.0
737,0.0,3,female,34.375,S,train,Mrs,5,0,0.0
738,1.0,1,male,512.3292,C,train,Mr,1,0,0.0
739,0.0,3,male,7.8958,S,train,Mr,1,0,0.0
740,0.0,3,male,7.8958,S,train,Mr,1,0,0.0
741,1.0,1,male,30.0,S,train,Mr,1,0,0.0
742,0.0,1,male,78.85,S,train,Mr,2,0,0.0
743,1.0,1,female,262.375,C,train,Miss,5,0,1.0
744,0.0,3,male,16.1,S,train,Mr,2,0,0.0
745,1.0,3,male,7.925,S,train,Mr,1,0,0.0
746,0.0,1,male,71.0,S,train,Military,3,0,0.5
747,0.0,3,male,20.25,S,train,Mr,3,1,0.5
748,1.0,2,female,13.0,S,train,Miss,1,0,0.0
749,0.0,1,male,53.1,S,train,Mr,2,1,0.0
750,0.0,3,male,7.75,Q,train,Mr,1,0,0.0
751,1.0,2,female,23.0,S,train,Miss,3,1,1.0
752,1.0,3,male,12.475,S,train,Master,2,1,1.0
753,0.0,3,male,9.5,S,train,Mr,1,0,0.0
754,0.0,3,male,7.8958,S,train,Mr,1,0,0.0
755,1.0,2,female,65.0,S,train,Mrs,4,0,1.0
756,1.0,2,male,14.5,S,train,Master,3,1,1.0
757,0.0,3,male,7.7958,S,train,Mr,1,0,0.0
758,0.0,2,male,11.5,S,train,Mr,1,1,0.0
759,0.0,3,male,8.05,S,train,Mr,1,0,0.0
760,1.0,1,female,86.5,S,train,Royal,1,0,0.0
761,0.0,3,male,14.5,S,train,Mr,1,0,0.0
762,0.0,3,male,7.125,S,train,Mr,1,0,0.0
763,1.0,3,male,7.2292,C,train,Mr,1,0,0.0
764,1.0,1,female,120.0,S,train,Mrs,4,0,1.0
765,0.0,3,male,7.775,S,train,Mr,1,1,0.0
766,1.0,1,female,77.9583,S,train,Mrs,2,0,0.0
767,0.0,1,male,39.6,C,train,Other,1,0,0.0
768,0.0,3,female,7.75,Q,train,Miss,1,0,0.0
769,0.0,3,male,24.15,Q,train,Mr,2,0,0.5
770,0.0,3,male,8.3625,S,train,Mr,1,0,0.0
771,0.0,3,male,9.5,S,train,Mr,1,0,0.0
772,0.0,3,male,7.8542,S,train,Mr,1,0,0.0
773,0.0,2,female,10.5,S,train,Mrs,1,0,0.0
774,0.0,3,male,7.225,C,train,Mr,1,0,0.0
775,1.0,2,female,23.0,S,train,Mrs,5,0,1.0
776,0.0,3,male,7.75,S,train,Mr,1,1,0.0
777,0.0,3,male,7.75,Q,train,Mr,1,0,0.0
778,1.0,3,female,12.475,S,train,Miss,1,1,0.0
779,0.0,3,male,7.7375,Q,train,Mr,1,0,0.0
780,1.0,1,female,211.3375,S,train,Mrs,2,0,0.0
781,1.0,3,female,7.2292,C,train,Miss,1,1,0.0
782,1.0,1,female,57.0,S,train,Mrs,2,1,1.0
783,0.0,1,male,30.0,S,train,Mr,1,0,0.0
784,0.0,3,male,23.45,S,train,Mr,4,0,0.0
785,0.0,3,male,7.05,S,train,Mr,1,0,0.0
786,0.0,3,male,7.25,S,train,Mr,1,0,0.0
787,1.0,3,female,7.4958,S,train,Miss,1,1,0.0
788,0.0,3,male,29.125,Q,train,Master,6,1,0.0
789,1.0,3,male,20.575,S,train,Master,4,1,0.5
790,0.0,1,male,79.2,C,train,Mr,1,0,0.0
791,0.0,3,male,7.75,Q,train,Mr,1,0,0.0
792,0.0,2,male,26.0,S,train,Mr,1,1,0.0
793,0.0,3,female,69.55,S,train,Miss,11,1,0.0
794,0.0,1,male,30.6958,C,train,Mr,1,0,0.0
795,0.0,3,male,7.8958,S,train,Mr,1,0,0.0
796,0.0,2,male,13.0,S,train,Mr,1,0,0.0
797,1.0,1,female,25.9292,S,train,Other,1,0,0.0
798,1.0,3,female,8.6833,S,train,Mrs,1,0,0.0
799,0.0,3,male,7.2292,C,train,Mr,1,0,0.0
800,0.0,3,female,24.15,S,train,Mrs,3,0,0.0
801,0.0,2,male,13.0,S,train,Mr,1,0,0.0
802,1.0,2,female,26.25,S,train,Mrs,3,0,0.6666666666666666
803,1.0,1,male,120.0,S,train,Master,4,1,1.0
804,1.0,3,male,8.5167,C,train,Master,2,1,1.0
805,1.0,3,male,6.975,S,train,Mr,1,0,0.0
806,0.0,3,male,7.775,S,train,Mr,1,0,0.0
807,0.0,1,male,0.0,S,train,Mr,1,0,0.0
808,0.0,3,female,7.775,S,train,Miss,1,1,0.0
809,0.0,2,male,13.0,S,train,Mr,1,0,0.0
810,1.0,1,female,53.1,S,train,Mrs,2,0,1.0
811,0.0,3,male,7.8875,S,train,Mr,1,0,0.0
812,0.0,3,male,24.15,S,train,Mr,1,0,0.0
813,0.0,2,male,10.5,S,train,Mr,1,0,0.0
814,0.0,3,female,31.275,S,train,Miss,7,1,0.0
815,0.0,3,male,8.05,S,train,Mr,1,0,0.0
816,0.0,1,male,0.0,S,train,Mr,1,0,0.0
817,0.0,3,female,7.925,S,train,Miss,1,0,0.0
818,0.0,2,male,37.0042,C,train,Mr,3,0,0.5
819,0.0,3,male,6.45,S,train,Mr,1,0,0.0
820,0.0,3,male,27.9,S,train,Master,6,1,0.0
821,1.0,1,female,93.5,S,train,Mrs,3,0,1.0
822,1.0,3,male,8.6625,S,train,Mr,1,0,0.0
823,0.0,1,male,0.0,S,train,Royal,1,0,0.0
824,1.0,3,female,12.475,S,train,Mrs,2,0,1.0
825,0.0,3,male,39.6875,S,train,Master,6,1,0.0
826,0.0,3,male,6.95,Q,train,Mr,1,0,0.0
827,0.0,3,male,56.4958,S,train,Mr,1,0,0.5
828,1.0,2,male,37.0042,C,train,Master,3,1,0.5
829,1.0,3,male,7.75,Q,train,Mr,1,0,0.0
830,1.0,1,female,80.0,,train,Mrs,1,0,0.0
831,1.0,3,female,14.4542,C,train,Mrs,2,1,0.5
832,1.0,2,male,18.75,S,train,Master,3,1,1.0
833,0.0,3,male,7.2292,C,train,Mr,1,0,0.0
834,0.0,3,male,7.8542,S,train,Mr,1,0,0.0
835,0.0,3,male,8.3,S,train,Mr,1,1,0.0
836,1.0,1,female,83.1583,C,train,Miss,3,0,1.0
837,0.0,3,male,8.6625,S,train,Mr,1,0,0.0
838,0.0,3,male,8.05,S,train,Mr,1,0,0.0
839,1.0,3,male,56.4958,S,train,Mr,1,0,0.0
840,1.0,1,male,29.7,C,train,Mr,1,0,0.0
841,0.0,3,male,7.925,S,train,Mr,1,0,0.0
842,0.0,2,male,10.5,S,train,Mr,1,1,0.0
843,1.0,1,female,31.0,C,train,Miss,1,0,0.0
844,0.0,3,male,6.4375,C,train,Mr,1,0,0.0
845,0.0,3,male,8.6625,S,train,Mr,1,1,0.0
846,0.0,3,male,7.55,S,train,Mr,1,0,0.0
847,0.0,3,male,69.55,S,train,Mr,11,0,0.0
848,0.0,3,male,7.8958,C,train,Mr,1,0,0.0
849,0.0,2,male,33.0,S,train,Other,2,0,0.5
850,1.0,1,female,89.1042,C,train,Mrs,2,1,1.0
851,0.0,3,male,31.275,S,train,Master,7,1,0.0
852,0.0,3,male,7.775,S,train,Mr,1,0,0.0
853,0.0,3,female,15.2458,C,train,Miss,3,1,0.0
854,1.0,1,female,39.4,S,train,Miss,2,1,1.0
855,0.0,2,female,26.0,S,train,Mrs,2,0,0.0
856,1.0,3,female,9.35,S,train,Mrs,2,1,1.0
857,1.0,1,female,164.8667,S,train,Mrs,3,0,1.0
858,1.0,1,male,26.55,S,train,Mr,1,0,0.0
859,1.0,3,female,19.2583,C,train,Mrs,4,0,1.0
860,0.0,3,male,7.2292,C,train,Mr,1,0,0.0
861,0.0,3,male,14.1083,S,train,Mr,3,0,0.0
862,0.0,2,male,11.5,S,train,Mr,2,0,0.0
863,1.0,1,female,25.9292,S,train,Mrs,1,0,0.0
864,0.0,3,female,69.55,S,train,Miss,11,1,0.0
865,0.0,2,male,13.0,S,train,Mr,1,0,0.0
866,1.0,2,female,13.0,S,train,Mrs,1,0,0.0
867,1.0,2,female,13.8583,C,train,Miss,2,0,0.0
868,0.0,1,male,50.4958,S,train,Mr,1,0,0.0
869,0.0,3,male,9.5,S,train,Mr,1,0,0.0
870,1.0,3,male,11.1333,S,train,Master,3,1,1.0
871,0.0,3,male,7.8958,S,train,Mr,1,0,0.0
872,1.0,1,female,52.5542,S,train,Mrs,3,0,1.0
873,0.0,1,male,5.0,S,train,Mr,1,0,0.0
874,0.0,3,male,9.0,S,train,Mr,1,0,0.0
875,1.0,2,female,24.0,C,train,Mrs,2,0,0.5
876,1.0,3,female,7.225,C,train,Miss,1,1,0.0
877,0.0,3,male,9.8458,S,train,Mr,1,0,0.0
878,0.0,3,male,7.8958,S,train,Mr,1,1,0.0
879,0.0,3,male,7.8958,S,train,Mr,1,0,0.0
880,1.0,1,female,83.1583,C,train,Mrs,2,0,0.0
881,1.0,2,female,26.0,S,train,Mrs,2,0,0.0
882,0.0,3,male,7.8958,S,train,Mr,1,0,0.0
883,0.0,3,female,10.5167,S,train,Miss,1,0,0.0
884,0.0,2,male,10.5,S,train,Mr,1,0,0.0
885,0.0,3,male,7.05,S,train,Mr,1,0,0.0
886,0.0,3,female,29.125,Q,train,Mrs,6,0,0.0
887,0.0,2,male,13.0,S,train,Other,1,0,0.0
888,1.0,1,female,30.0,S,train,Miss,1,1,0.0
889,0.0,3,female,23.45,S,train,Miss,4,1,0.0
890,1.0,1,male,30.0,C,train,Mr,1,0,0.0
891,0.0,3,male,7.75,Q,train,Mr,1,0,0.0
892,,3,male,7.8292,Q,test,Mr,1,0,0.0
893,,3,female,7.0,S,test,Mrs,2,0,0.0
894,,2,male,9.6875,Q,test,Mr,1,0,0.0
895,,3,male,8.6625,S,test,Mr,1,0,0.0
896,,3,female,12.2875,S,test,Mrs,3,0,1.0
897,,3,male,9.225,S,test,Mr,1,1,0.0
898,,3,female,7.6292,Q,test,Miss,1,0,0.0
899,,2,male,29.0,S,test,Mr,3,0,1.0
900,,3,female,7.2292,C,test,Mrs,1,1,0.0
901,,3,male,24.15,S,test,Mr,3,0,0.0
902,,3,male,7.8958,S,test,Mr,1,0,0.0
903,,1,male,26.0,S,test,Mr,1,0,0.0
904,,1,female,82.2667,S,test,Mrs,2,0,
905,,2,male,26.0,S,test,Mr,2,0,
906,,1,female,61.175,S,test,Mrs,2,0,0.0
907,,2,female,27.7208,C,test,Mrs,2,0,0.0
908,,2,male,12.35,Q,test,Mr,1,0,0.0
909,,3,male,7.225,C,test,Mr,1,0,0.0
910,,3,female,7.925,S,test,Miss,2,0,0.0
911,,3,female,7.225,C,test,Mrs,1,0,0.0
912,,1,male,59.4,C,test,Mr,2,0,1.0
913,,3,male,3.1708,S,test,Master,2,1,0.0
914,,1,female,31.6833,S,test,Mrs,1,1,0.0
915,,1,male,61.3792,C,test,Mr,2,0,0.0
916,,1,female,262.375,C,test,Mrs,5,0,1.0
917,,3,male,14.5,S,test,Mr,2,0,0.0
918,,1,female,61.9792,C,test,Miss,2,0,0.0
919,,3,male,7.225,C,test,Mr,1,0,0.0
920,,1,male,30.5,S,test,Mr,1,0,0.0
921,,3,male,21.6792,C,test,Mr,3,0,0.0
922,,2,male,26.0,S,test,Mr,2,0,1.0
923,,2,male,31.5,S,test,Mr,3,0,
924,,3,female,20.575,S,test,Mrs,4,0,0.5
925,,3,female,23.45,S,test,Mrs,4,1,0.0
926,,1,male,57.75,C,test,Mr,2,0,0.0
927,,3,male,7.2292,C,test,Mr,1,1,0.0
928,,3,female,8.05,S,test,Miss,1,1,0.0
929,,3,female,8.6625,S,test,Miss,1,0,0.0
930,,3,male,9.5,S,test,Mr,1,0,0.0
931,,3,male,56.4958,S,test,Mr,1,0,0.0
932,,3,male,13.4167,C,test,Mr,2,0,1.0
933,,1,male,26.55,S,test,Mr,1,0,0.0
934,,3,male,7.85,S,test,Mr,1,0,0.0
935,,2,female,13.0,S,test,Mrs,1,0,0.0
936,,1,female,52.5542,S,test,Mrs,2,0,1.0
937,,3,male,7.925,S,test,Mr,1,0,0.0
938,,1,male,29.7,C,test,Mr,1,0,0.0
939,,3,male,7.75,Q,test,Mr,1,0,0.0
940,,1,female,76.2917,C,test,Mrs,1,0,0.0
941,,3,female,15.9,S,test,Mrs,3,0,1.0
942,,1,male,60.0,S,test,Mr,2,0,
943,,2,male,15.0333,C,test,Mr,1,0,0.0
944,,2,female,23.0,S,test,Miss,4,0,1.0
945,,1,female,263.0,S,test,Miss,6,0,0.5
946,,2,male,15.5792,C,test,Mr,1,0,0.0
947,,3,male,29.125,Q,test,Master,6,1,0.0
948,,3,male,7.8958,S,test,Mr,1,0,0.0
949,,3,male,7.65,S,test,Mr,1,0,0.0
950,,3,male,16.1,S,test,Mr,2,0,1.0
951,,1,female,262.375,C,test,Miss,1,0,0.0
952,,3,male,7.8958,S,test,Mr,1,1,0.0
953,,2,male,13.5,S,test,Mr,1,0,0.0
954,,3,male,7.75,S,test,Mr,1,1,0.0
955,,3,female,7.725,Q,test,Miss,1,0,0.0
956,,1,male,262.375,C,test,Master,5,1,1.0
957,,2,female,21.0,S,test,Mrs,1,1,0.0
958,,3,female,7.8792,Q,test,Miss,1,1,0.0
959,,1,male,42.4,S,test,Mr,1,0,0.0
960,,1,male,28.5375,C,test,Mr,1,0,0.0
961,,1,female,263.0,S,test,Mrs,6,0,0.5
962,,3,female,7.75,Q,test,Miss,1,0,0.0
963,,3,male,7.8958,S,test,Mr,1,0,0.0
964,,3,female,7.925,S,test,Miss,1,0,0.0
965,,1,male,27.7208,C,test,Mr,1,0,0.0
966,,1,female,211.5,C,test,Miss,1,0,0.0
967,,1,male,211.5,C,test,Mr,1,0,0.0
968,,3,male,8.05,S,test,Mr,1,0,0.0
969,,1,female,25.7,S,test,Mrs,3,0,0.0
970,,2,male,13.0,S,test,Mr,1,0,0.0
971,,3,female,7.75,Q,test,Miss,1,0,0.0
972,,3,male,15.2458,C,test,Master,3,1,0.0
973,,1,male,221.7792,S,test,Mr,2,0,
974,,1,male,26.0,S,test,Mr,1,0,0.0
975,,3,male,7.8958,S,test,Mr,1,0,0.0
976,,2,male,10.7083,Q,test,Mr,1,0,0.0
977,,3,male,14.4542,C,test,Mr,2,0,
978,,3,female,7.8792,Q,test,Miss,1,0,0.0
979,,3,female,8.05,S,test,Miss,1,1,0.0
980,,3,female,7.75,Q,test,Miss,1,1,0.0
981,,2,male,23.0,S,test,Master,3,1,1.0
982,,3,female,13.9,S,test,Mrs,2,0,
983,,3,male,7.775,S,test,Mr,1,0,0.0
984,,1,female,52.0,S,test,Mrs,4,0,0.0
985,,3,male,8.05,S,test,Mr,1,0,0.0
986,,1,male,26.0,C,test,Mr,1,0,0.0
987,,3,male,7.7958,S,test,Mr,1,0,0.0
988,,1,female,78.85,S,test,Mrs,2,0,0.0
989,,3,male,7.925,S,test,Mr,1,0,0.0
990,,3,female,7.8542,S,test,Miss,1,0,0.0
991,,3,male,8.05,S,test,Mr,1,0,0.0
992,,1,female,55.4417,C,test,Mrs,2,0,
993,,2,male,26.0,S,test,Mr,2,0,1.0
994,,3,male,7.75,Q,test,Mr,1,0,0.0
995,,3,male,7.775,S,test,Mr,1,0,0.0
996,,3,female,8.5167,C,test,Mrs,3,1,1.0
997,,3,male,22.525,S,test,Mr,1,0,0.0
998,,3,male,7.8208,Q,test,Mr,1,0,0.0
999,,3,male,7.75,Q,test,Mr,1,0,0.0
1000,,3,male,8.7125,S,test,Mr,1,0,0.0
1001,,2,male,13.0,S,test,Mr,1,1,0.0
1002,,2,male,15.0458,C,test,Mr,1,0,0.0
1003,,3,female,7.7792,Q,test,Miss,1,1,0.0
1004,,1,female,31.6792,C,test,Miss,1,0,0.0
1005,,3,female,7.2833,Q,test,Miss,1,1,0.0
1006,,1,female,221.7792,S,test,Mrs,2,0,
1007,,3,male,14.4542,C,test,Mr,2,1,0.0
1008,,3,male,6.4375,C,test,Mr,1,0,0.0
1009,,3,female,16.7,S,test,Miss,3,1,1.0
1010,,1,male,75.2417,C,test,Mr,1,0,0.0
1011,,2,female,26.0,S,test,Mrs,2,0,0.0
1012,,2,female,15.75,S,test,Miss,1,1,1.0
1013,,3,male,7.75,Q,test,Mr,2,0,0.0
1014,,1,female,57.75,C,test,Mrs,2,0,0.0
1015,,3,male,7.25,S,test,Mr,1,0,0.0
1016,,3,male,7.75,Q,test,Mr,1,0,0.0
1017,,3,female,16.1,S,test,Miss,2,1,0.0
1018,,3,male,7.7958,S,test,Mr,1,0,0.0
1019,,3,female,23.25,Q,test,Miss,3,1,1.0
1020,,2,male,13.0,S,test,Mr,1,0,0.0
1021,,3,male,8.05,S,test,Mr,1,0,0.0
1022,,3,male,8.05,S,test,Mr,1,0,0.0
1023,,1,male,28.5,C,test,Military,1,0,0.0
1024,,3,female,25.4667,S,test,Mrs,5,1,0.0
1025,,3,male,6.4375,C,test,Mr,2,0,0.0
1026,,3,male,7.8958,S,test,Mr,1,0,0.0
1027,,3,male,7.8542,S,test,Mr,1,0,0.0
1028,,3,male,7.225,C,test,Mr,1,0,0.0
1029,,2,male,13.0,S,test,Mr,1,0,0.0
1030,,3,female,8.05,S,test,Miss,1,0,0.0
1031,,3,male,46.9,S,test,Mr,8,0,0.0
1032,,3,female,46.9,S,test,Miss,8,1,0.0
1033,,1,female,151.55,S,test,Miss,1,0,0.0
1034,,1,male,262.375,C,test,Mr,5,0,1.0
1035,,2,male,26.0,S,test,Mr,1,0,0.0
1036,,1,male,26.55,S,test,Mr,1,0,0.0
1037,,3,male,18.0,S,test,Mr,4,0,0.0
1038,,1,male,51.8625,S,test,Mr,1,0,0.0
1039,,3,male,8.05,S,test,Mr,1,0,0.0
1040,,1,male,26.55,S,test,Mr,1,0,0.0
1041,,2,male,26.0,S,test,Other,3,0,0.0
1042,,1,female,83.1583,C,test,Mrs,2,0,0.0
1043,,3,male,7.8958,C,test,Mr,1,0,0.0
1044,,3,male,8.05,S,test,Mr,1,0,0.0
1045,,3,female,12.1833,S,test,Mrs,3,0,
1046,,3,male,31.3875,S,test,Master,7,1,0.75
1047,,3,male,7.55,S,test,Mr,1,0,0.0
1048,,1,female,221.7792,S,test,Miss,1,0,0.0
1049,,3,female,7.8542,S,test,Miss,1,0,0.0
1050,,1,male,26.55,S,test,Mr,1,0,0.0
1051,,3,female,13.775,S,test,Mrs,3,0,
1052,,3,female,7.7333,Q,test,Miss,1,1,0.0
1053,,3,male,15.2458,C,test,Master,3,1,1.0
1054,,2,female,13.5,S,test,Miss,1,0,0.0
1055,,3,male,7.0,S,test,Mr,1,0,0.0
1056,,2,male,13.0,S,test,Other,1,0,0.0
1057,,3,female,22.025,S,test,Mrs,3,0,1.0
1058,,1,male,50.4958,C,test,Mr,1,0,0.0
1059,,3,male,34.375,S,test,Mr,5,1,0.0
1060,,1,female,27.7208,C,test,Mrs,1,1,0.0
1061,,3,female,8.9625,S,test,Miss,1,0,0.0
1062,,3,male,7.55,S,test,Mr,1,0,0.0
1063,,3,male,7.225,C,test,Mr,1,0,0.0
1064,,3,male,13.9,S,test,Mr,2,0,
1065,,3,male,7.2292,C,test,Mr,1,0,0.0
1066,,3,male,31.3875,S,test,Mr,7,0,0.75
1067,,2,female,39.0,S,test,Miss,3,1,0.5
1068,,2,female,36.75,S,test,Miss,1,0,0.0
1069,,1,male,55.4417,C,test,Mr,2,0,
1070,,2,female,39.0,S,test,Mrs,4,0,1.0
1071,,1,female,83.1583,C,test,Mrs,3,0,1.0
1072,,2,male,13.0,S,test,Mr,1,0,0.0
1073,,1,male,83.1583,C,test,Mr,3,0,1.0
1074,,1,female,53.1,S,test,Mrs,2,1,0.0
1075,,3,male,7.75,Q,test,Mr,1,0,0.0
1076,,1,female,247.5208,C,test,Mrs,3,0,0.0
1077,,2,male,16.0,S,test,Mr,1,0,0.0
1078,,2,female,21.0,S,test,Miss,2,0,
1079,,3,male,8.05,S,test,Mr,3,1,0.0
1080,,3,female,69.55,S,test,Miss,11,1,0.0
1081,,2,male,13.0,S,test,Mr,1,0,0.0
1082,,2,male,26.0,S,test,Mr,2,0,1.0
1083,,1,male,26.0,S,test,Mr,1,0,0.0
1084,,3,male,14.5,S,test,Master,3,1,0.0
1085,,2,male,12.35,Q,test,Mr,1,0,0.0
1086,,2,male,32.5,S,test,Master,3,1,1.0
1087,,3,male,7.8542,S,test,Mr,1,0,0.0
1088,,1,male,134.5,C,test,Master,3,1,1.0
1089,,3,female,7.775,S,test,Miss,1,1,0.0
1090,,2,male,10.5,S,test,Mr,1,0,0.0
1091,,3,female,8.1125,S,test,Mrs,1,1,0.0
1092,,3,female,15.5,Q,test,Miss,1,1,0.0
1093,,3,male,14.4,S,test,Master,3,1,0.0
1094,,1,male,227.525,C,test,Military,2,0,1.0
1095,,2,female,26.0,S,test,Miss,3,1,1.0
1096,,2,male,10.5,S,test,Mr,1,0,0.0
1097,,1,male,25.7417,C,test,Mr,1,0,0.0
1098,,3,female,7.75,Q,test,Miss,1,0,0.0
1099,,2,male,10.5,S,test,Mr,1,0,0.0
1100,,1,female,27.7208,C,test,Miss,1,0,0.0
1101,,3,male,7.8958,S,test,Mr,1,0,0.0
1102,,3,male,22.525,S,test,Mr,1,0,0.0
1103,,3,male,7.05,S,test,Mr,1,0,0.0
1104,,2,male,73.5,S,test,Mr,1,1,0.0
1105,,2,female,26.0,S,test,Mrs,2,0,
1106,,3,female,7.775,S,test,Miss,7,0,0.0
1107,,1,male,42.5,S,test,Mr,1,0,0.0
1108,,3,female,7.8792,Q,test,Miss,1,1,0.0
1109,,1,male,164.8667,S,test,Mr,3,0,1.0
1110,,1,female,211.5,C,test,Mrs,3,0,0.0
1111,,3,male,8.05,S,test,Mr,1,0,0.0
1112,,2,female,13.8583,C,test,Miss,2,0,0.0
1113,,3,male,8.05,S,test,Mr,1,0,0.0
1114,,2,female,10.5,S,test,Mrs,1,0,0.0
1115,,3,male,7.7958,S,test,Mr,1,0,0.0
1116,,1,female,27.4458,C,test,Mrs,1,0,0.0
1117,,3,female,15.2458,C,test,Mrs,3,1,1.0
1118,,3,male,7.7958,S,test,Mr,1,0,0.0
1119,,3,female,7.75,Q,test,Miss,1,1,0.0
1120,,3,male,15.1,S,test,Mr,1,0,0.0
1121,,2,male,13.0,S,test,Mr,1,0,0.0
1122,,2,male,65.0,S,test,Mr,1,1,0.0
1123,,1,female,26.55,S,test,Miss,1,0,0.0
1124,,3,male,6.4958,S,test,Mr,2,0,0.0
1125,,3,male,7.8792,Q,test,Mr,1,0,0.0
1126,,1,male,71.2833,C,test,Mr,2,0,1.0
1127,,3,male,7.8542,S,test,Mr,1,0,0.0
1128,,1,male,75.25,C,test,Mr,2,0,1.0
1129,,3,male,7.225,C,test,Mr,1,0,0.0
1130,,2,female,13.0,S,test,Miss,3,1,0.0
1131,,1,female,106.425,C,test,Mrs,2,0,0.0
1132,,1,female,27.7208,C,test,Mrs,1,0,0.0
1133,,2,female,30.0,S,test,Mrs,3,0,1.0
1134,,1,male,134.5,C,test,Mr,3,0,1.0
1135,,3,male,7.8875,S,test,Mr,1,0,0.0
1136,,3,male,23.45,S,test,Master,4,0,0.0
1137,,1,male,51.8625,S,test,Mr,2,0,1.0
1138,,2,female,21.0,S,test,Mrs,1,0,0.0
1139,,2,male,32.5,S,test,Mr,3,0,1.0
1140,,2,female,26.0,S,test,Mrs,2,0,0.0
1141,,3,female,14.4542,C,test,Mrs,2,1,
1142,,2,female,27.75,S,test,Miss,4,1,0.6666666666666666
1143,,3,male,7.925,S,test,Mr,1,0,0.0
1144,,1,male,136.7792,C,test,Mr,2,0,
1145,,3,male,9.325,S,test,Mr,1,0,0.0
1146,,3,male,9.5,S,test,Mr,1,0,0.0
1147,,3,male,7.55,S,test,Mr,1,0,0.0
1148,,3,male,7.75,Q,test,Mr,1,0,0.0
1149,,3,male,8.05,S,test,Mr,1,0,0.0
1150,,2,female,13.0,S,test,Miss,1,1,0.0
1151,,3,male,7.775,S,test,Mr,1,0,0.0
1152,,3,male,17.4,S,test,Mr,2,0,1.0
1153,,3,male,7.8542,S,test,Mr,1,0,0.0
1154,,2,female,23.0,S,test,Mrs,3,0,1.0
1155,,3,female,12.1833,S,test,Miss,3,1,
1156,,2,male,12.7375,C,test,Mr,1,0,0.0
1157,,3,male,7.8958,S,test,Mr,1,0,0.0
1158,,1,male,0.0,S,test,Mr,1,0,0.0
1159,,3,male,7.55,S,test,Mr,1,0,0.0
1160,,3,female,8.05,S,test,Miss,1,1,0.0
1161,,3,male,8.6625,S,test,Mr,1,1,0.0
1162,,1,male,75.2417,C,test,Mr,1,0,0.0
1163,,3,male,7.75,Q,test,Mr,1,0,0.0
1164,,1,female,136.7792,C,test,Mrs,2,0,
1165,,3,female,15.5,Q,test,Miss,2,1,0.0
1166,,3,male,7.225,C,test,Mr,1,0,0.0
1167,,2,female,26.0,S,test,Miss,2,0,0.0
1168,,2,male,10.5,S,test,Mr,1,0,0.0
1169,,2,male,26.0,S,test,Mr,2,0,1.0
1170,,2,male,21.0,S,test,Mr,2,0,
1171,,2,male,10.5,S,test,Mr,1,0,0.0
1172,,3,female,8.6625,S,test,Miss,1,0,0.0
1173,,3,male,13.775,S,test,Master,3,1,
1174,,3,female,7.75,Q,test,Miss,1,1,0.0
1175,,3,female,15.2458,C,test,Miss,3,1,1.0
1176,,3,female,20.2125,S,test,Miss,3,1,0.0
1177,,3,male,7.25,S,test,Mr,1,0,0.0
1178,,3,male,7.25,S,test,Mr,1,0,0.0
1179,,1,male,82.2667,S,test,Mr,2,0,
1180,,3,male,7.2292,C,test,Mr,1,0,0.0
1181,,3,male,8.05,S,test,Mr,1,0,0.0
1182,,1,male,39.6,S,test,Mr,1,0,0.0
1183,,3,female,6.95,Q,test,Miss,1,0,0.0
1184,,3,male,7.2292,C,test,Mr,1,0,0.0
1185,,1,male,81.8583,S,test,Other,3,0,1.0
1186,,3,male,9.5,S,test,Mr,1,0,0.0
1187,,3,male,7.8958,S,test,Mr,1,0,0.0
1188,,2,female,41.5792,C,test,Miss,4,1,0.6666666666666666
1189,,3,male,21.6792,C,test,Mr,3,0,0.0
1190,,1,male,45.5,S,test,Mr,1,0,0.0
1191,,3,male,7.8542,S,test,Mr,1,0,0.0
1192,,3,male,7.775,S,test,Mr,1,0,0.0
1193,,2,male,15.0458,C,test,Mr,1,0,0.0
1194,,2,male,21.0,S,test,Mr,2,0,
1195,,3,male,8.6625,S,test,Mr,1,0,0.0
1196,,3,female,7.75,Q,test,Miss,1,1,0.0
1197,,1,female,26.55,S,test,Mrs,3,0,0.0
1198,,1,male,151.55,S,test,Mr,4,0,0.3333333333333333
1199,,3,male,9.35,S,test,Master,2,1,1.0
1200,,1,male,93.5,S,test,Mr,3,0,1.0
1201,,3,female,14.1083,S,test,Mrs,2,0,0.0
1202,,3,male,8.6625,S,test,Mr,1,1,0.0
1203,,3,male,7.225,C,test,Mr,1,0,0.0
1204,,3,male,7.575,S,test,Mr,1,0,0.0
1205,,3,female,7.75,Q,test,Miss,1,0,0.0
1206,,1,female,135.6333,C,test,Mrs,1,0,0.0
1207,,3,female,7.7333,Q,test,Miss,1,1,0.0
1208,,1,male,146.5208,C,test,Mr,2,0,1.0
1209,,2,male,10.5,S,test,Mr,1,1,0.0
1210,,3,male,7.8542,S,test,Mr,1,0,0.0
1211,,2,male,31.5,S,test,Mr,3,0,
1212,,3,male,7.775,S,test,Mr,1,0,0.0
1213,,3,male,7.2292,C,test,Mr,1,0,0.0
1214,,2,male,13.0,S,test,Mr,1,0,0.0
1215,,1,male,26.55,S,test,Mr,1,0,0.0
1216,,1,female,211.3375,S,test,Miss,1,0,0.0
1217,,3,male,7.05,S,test,Mr,1,0,0.0
1218,,2,female,39.0,S,test,Miss,4,1,1.0
1219,,1,male,79.2,C,test,Mr,1,0,0.0
1220,,2,male,26.0,S,test,Mr,2,0,1.0
1221,,2,male,13.0,S,test,Mr,1,0,0.0
1222,,2,female,36.75,S,test,Mrs,3,0,1.0
1223,,1,male,29.7,C,test,Mr,1,0,0.0
1224,,3,male,7.225,C,test,Mr,1,0,0.0
1225,,3,female,15.7417,C,test,Mrs,3,1,1.0
1226,,3,male,7.8958,S,test,Mr,1,0,0.0
1227,,1,male,26.0,S,test,Mr,1,0,0.0
1228,,2,male,13.0,S,test,Mr,1,0,0.0
1229,,3,male,7.2292,C,test,Mr,3,0,0.0
1230,,2,male,31.5,S,test,Mr,1,0,0.0
1231,,3,male,7.2292,C,test,Master,1,0,0.0
1232,,2,male,10.5,S,test,Mr,1,1,0.0
1233,,3,male,7.5792,S,test,Mr,1,0,0.0
1234,,3,male,69.55,S,test,Mr,11,0,0.0
1235,,1,female,512.3292,C,test,Mrs,2,0,1.0
1236,,3,male,14.5,S,test,Master,3,0,0.0
1237,,3,female,7.65,S,test,Miss,1,1,0.0
1238,,2,male,13.0,S,test,Mr,1,0,0.0
1239,,3,female,7.2292,C,test,Mrs,1,0,0.0
1240,,2,male,13.5,S,test,Mr,1,0,0.0
1241,,2,female,21.0,S,test,Miss,1,0,0.0
1242,,1,female,63.3583,C,test,Mrs,2,0,1.0
1243,,2,male,10.5,S,test,Mr,1,0,0.0
1244,,2,male,73.5,S,test,Mr,1,1,0.0
1245,,2,male,65.0,S,test,Mr,4,0,1.0
1246,,3,female,20.575,S,test,Miss,4,1,0.5
1247,,1,male,26.0,S,test,Mr,1,0,0.0
1248,,1,female,51.4792,S,test,Mrs,3,0,0.0
1249,,3,male,7.8792,S,test,Mr,1,0,0.0
1250,,3,male,7.75,Q,test,Mr,1,0,0.0
1251,,3,female,15.55,S,test,Mrs,2,0,0.0
1252,,3,male,69.55,S,test,Master,11,1,0.0
1253,,2,female,37.0042,C,test,Mrs,3,0,0.5
1254,,2,female,21.0,S,test,Mrs,1,0,
1255,,3,male,8.6625,S,test,Mr,1,0,0.0
1256,,1,female,55.4417,C,test,Mrs,2,0,1.0
1257,,3,female,69.55,S,test,Mrs,11,1,0.0
1258,,3,male,14.4583,C,test,Mr,2,0,0.0
1259,,3,female,39.6875,S,test,Miss,1,0,0.0
1260,,1,female,59.4,C,test,Mrs,2,0,
1261,,2,male,13.8583,C,test,Mr,1,0,0.0
1262,,2,male,11.5,S,test,Mr,2,0,0.0
1263,,1,female,134.5,C,test,Miss,1,0,0.0
1264,,1,male,0.0,S,test,Mr,1,0,0.0
1265,,2,male,13.0,S,test,Mr,1,0,0.0
1266,,1,female,81.8583,S,test,Mrs,3,0,1.0
1267,,1,female,262.375,C,test,Miss,1,0,0.0
1268,,3,female,8.6625,S,test,Miss,3,0,0.0
1269,,2,male,11.5,S,test,Mr,1,0,0.0
1270,,1,male,50.0,S,test,Mr,1,0,0.0
1271,,3,male,31.3875,S,test,Master,7,1,0.75
1272,,3,male,7.75,Q,test,Mr,1,0,0.0
1273,,3,male,7.8792,Q,test,Mr,1,0,0.0
1274,,3,female,14.5,S,test,Mrs,1,1,0.0
1275,,3,female,16.1,S,test,Mrs,2,1,0.0
1276,,2,male,12.875,S,test,Mr,1,0,0.0
1277,,2,female,65.0,S,test,Miss,4,0,1.0
1278,,3,male,7.775,S,test,Mr,1,0,0.0
1279,,2,male,13.0,S,test,Mr,1,0,0.0
1280,,3,male,7.75,Q,test,Mr,1,0,0.0
1281,,3,male,21.075,S,test,Master,5,1,0.0
1282,,1,male,93.5,S,test,Mr,1,0,0.0
1283,,1,female,39.4,S,test,Mrs,2,0,1.0
1284,,3,male,20.25,S,test,Master,3,1,0.5
1285,,2,male,10.5,S,test,Mr,1,0,0.0
1286,,3,male,22.025,S,test,Mr,5,0,1.0
1287,,1,female,60.0,S,test,Mrs,2,1,
1288,,3,male,7.25,Q,test,Mr,1,0,0.0
1289,,1,female,79.2,C,test,Mrs,3,0,1.0
1290,,3,male,7.775,S,test,Mr,1,0,0.0
1291,,3,male,7.7333,Q,test,Mr,1,0,0.0
1292,,1,female,164.8667,S,test,Miss,1,0,0.0
1293,,2,male,21.0,S,test,Mr,2,0,0.0
1294,,1,female,59.4,C,test,Miss,2,0,
1295,,1,male,47.1,S,test,Mr,1,1,0.0
1296,,1,male,27.7208,C,test,Mr,2,0,0.0
1297,,2,male,13.8625,C,test,Mr,1,0,0.0
1298,,2,male,10.5,S,test,Mr,2,0,0.0
1299,,1,male,211.5,C,test,Mr,3,0,0.0
1300,,3,female,7.7208,Q,test,Miss,1,1,0.0
1301,,3,female,13.775,S,test,Miss,3,1,
1302,,3,female,7.75,Q,test,Miss,1,1,0.0
1303,,1,female,90.0,Q,test,Mrs,2,0,0.5
1304,,3,female,7.775,S,test,Miss,1,0,0.0
1305,,3,male,8.05,S,test,Mr,1,0,0.0
1306,,1,female,108.9,C,test,Royal,1,0,0.0
1307,,3,male,7.25,S,test,Mr,1,0,0.0
1308,,3,male,8.05,S,test,Mr,1,0,0.0
1309,,3,male,22.3583,C,test,Master,3,0,1.0
