PassengerId,Survived,Pclass,Sex,Fare,Type,Title,Child,Family_Survival
1,0.0,3,male,7.25,train,Mr,0,0.5
2,1.0,1,female,71.2833,train,Mrs,0,0.5
3,1.0,3,female,7.925,train,Miss,0,0.5
4,1.0,1,female,53.1,train,Mrs,0,0.0
5,0.0,3,male,8.05,train,Mr,0,0.5
6,0.0,3,male,8.4583,train,Mr,0,0.5
7,0.0,1,male,51.8625,train,Mr,0,0.5
8,0.0,3,male,21.075,train,Master,1,0.0
9,1.0,3,female,11.1333,train,Mrs,0,1.0
10,1.0,2,female,30.0708,train,Mrs,1,0.0
11,1.0,3,female,16.7,train,Miss,1,1.0
12,1.0,1,female,26.55,train,Miss,0,0.5
13,0.0,3,male,8.05,train,Mr,0,0.5
14,0.0,3,male,31.275,train,Mr,0,0.0
15,0.0,3,female,7.8542,train,Miss,1,0.5
16,1.0,2,female,16.0,train,Mrs,0,0.5
17,0.0,3,male,29.125,train,Master,1,0.0
18,1.0,2,male,13.0,train,Mr,0,0.5
19,0.0,3,female,18.0,train,Mrs,0,0.5
20,1.0,3,female,7.225,train,Mrs,0,0.5
21,0.0,2,male,26.0,train,Mr,0,0.0
22,1.0,2,male,13.0,train,Mr,0,0.5
23,1.0,3,female,8.0292,train,Miss,1,0.5
24,1.0,1,male,35.5,train,Mr,0,0.5
25,0.0,3,female,21.075,train,Miss,1,0.0
26,1.0,3,female,31.3875,train,Mrs,0,1.0
27,0.0,3,male,7.225,train,Mr,0,0.5
28,0.0,1,male,263.0,train,Mr,0,1.0
29,1.0,3,female,7.8792,train,Miss,1,0.5
30,0.0,3,male,7.8958,train,Mr,0,0.5
31,0.0,1,male,27.7208,train,Royal,0,0.5
32,1.0,1,female,146.5208,train,Mrs,0,1.0
33,1.0,3,female,7.75,train,Miss,1,0.5
34,0.0,2,male,10.5,train,Mr,0,0.5
35,0.0,1,male,82.1708,train,Mr,0,1.0
36,0.0,1,male,52.0,train,Mr,0,1.0
37,1.0,3,male,7.2292,train,Mr,0,0.5
38,0.0,3,male,8.05,train,Mr,0,0.5
39,0.0,3,female,18.0,train,Miss,0,0.0
40,1.0,3,female,11.2417,train,Miss,1,1.0
41,0.0,3,female,9.475,train,Mrs,0,0.5
42,0.0,2,female,21.0,train,Mrs,0,0.0
43,0.0,3,male,7.8958,train,Mr,0,0.5
44,1.0,2,female,41.5792,train,Miss,1,1.0
45,1.0,3,female,7.8792,train,Miss,0,0.5
46,0.0,3,male,8.05,train,Mr,0,0.5
47,0.0,3,male,15.5,train,Mr,0,0.5
48,1.0,3,female,7.75,train,Miss,1,0.5
49,0.0,3,male,21.6792,train,Mr,0,0.5
50,0.0,3,female,17.8,train,Mrs,0,0.0
51,0.0,3,male,39.6875,train,Master,1,0.0
52,0.0,3,male,7.8,train,Mr,0,0.5
53,1.0,1,female,76.7292,train,Mrs,0,1.0
54,1.0,2,female,26.0,train,Mrs,0,0.5
55,0.0,1,male,61.9792,train,Mr,0,0.5
56,1.0,1,male,35.5,train,Mr,0,0.5
57,1.0,2,female,10.5,train,Miss,0,0.5
58,0.0,3,male,7.2292,train,Mr,0,0.5
59,1.0,2,female,27.75,train,Miss,1,1.0
60,0.0,3,male,46.9,train,Master,1,0.0
61,0.0,3,male,7.2292,train,Mr,0,0.5
62,1.0,1,female,80.0,train,Miss,0,1.0
63,0.0,1,male,83.475,train,Mr,0,1.0
64,0.0,3,male,27.9,train,Master,1,0.0
65,0.0,1,male,27.7208,train,Mr,0,0.5
66,1.0,3,male,15.2458,train,Master,0,1.0
67,1.0,2,female,10.5,train,Mrs,0,0.5
68,0.0,3,male,8.1583,train,Mr,0,0.5
69,1.0,3,female,7.925,train,Miss,1,0.5
70,0.0,3,male,8.6625,train,Mr,0,0.5
71,0.0,2,male,10.5,train,Mr,0,0.5
72,0.0,3,female,46.9,train,Miss,1,0.0
73,0.0,2,male,73.5,train,Mr,0,0.0
74,0.0,3,male,14.4542,train,Mr,0,0.5
75,1.0,3,male,56.4958,train,Mr,0,1.0
76,0.0,3,male,7.65,train,Mr,0,0.5
77,0.0,3,male,7.8958,train,Mr,0,0.5
78,0.0,3,male,8.05,train,Mr,0,0.5
79,1.0,2,male,29.0,train,Master,1,1.0
80,1.0,3,female,12.475,train,Miss,0,1.0
81,0.0,3,male,9.0,train,Mr,0,0.5
82,1.0,3,male,9.5,train,Mr,0,0.5
83,1.0,3,female,7.7875,train,Miss,1,0.5
84,0.0,1,male,47.1,train,Mr,0,0.5
85,1.0,2,female,10.5,train,Miss,1,0.5
86,1.0,3,female,15.85,train,Mrs,0,0.0
87,0.0,3,male,34.375,train,Mr,1,0.0
88,0.0,3,male,8.05,train,Mr,0,0.5
89,1.0,1,female,263.0,train,Miss,0,1.0
90,0.0,3,male,8.05,train,Mr,0,0.5
91,0.0,3,male,8.05,train,Mr,0,0.5
92,0.0,3,male,7.8542,train,Mr,0,0.5
93,0.0,1,male,61.175,train,Mr,0,0.5
94,0.0,3,male,20.575,train,Mr,0,1.0
95,0.0,3,male,7.25,train,Mr,0,0.5
96,0.0,3,male,8.05,train,Mr,0,0.5
97,0.0,1,male,34.6542,train,Mr,0,0.5
98,1.0,1,male,63.3583,train,Mr,0,0.5
99,1.0,2,female,23.0,train,Mrs,0,1.0
100,0.0,2,male,26.0,train,Mr,0,1.0
101,0.0,3,female,7.8958,train,Miss,0,0.5
102,0.0,3,male,7.8958,train,Mr,0,0.5
103,0.0,1,male,77.2875,train,Mr,0,0.0
104,0.0,3,male,8.6542,train,Mr,0,0.5
105,0.0,3,male,7.925,train,Mr,0,0.5
106,0.0,3,male,7.8958,train,Mr,0,0.5
107,1.0,3,female,7.65,train,Miss,0,0.5
108,1.0,3,male,7.775,train,Mr,0,0.5
109,0.0,3,male,7.8958,train,Mr,0,0.5
110,1.0,3,female,24.15,train,Miss,1,0.0
111,0.0,1,male,52.0,train,Mr,0,0.0
112,0.0,3,female,14.4542,train,Miss,1,0.0
113,0.0,3,male,8.05,train,Mr,0,0.5
114,0.0,3,female,9.825,train,Miss,0,0.5
115,0.0,3,female,14.4583,train,Miss,1,0.0
116,0.0,3,male,7.925,train,Mr,0,0.5
117,0.0,3,male,7.75,train,Mr,0,0.5
118,0.0,2,male,21.0,train,Mr,0,0.0
119,0.0,1,male,247.5208,train,Mr,0,1.0
120,0.0,3,female,31.275,train,Miss,1,0.0
121,0.0,2,male,73.5,train,Mr,0,0.0
122,0.0,3,male,8.05,train,Mr,0,0.5
123,0.0,2,male,30.0708,train,Mr,0,1.0
124,1.0,2,female,13.0,train,Miss,0,0.5
125,0.0,1,male,77.2875,train,Mr,0,0.0
126,1.0,3,male,11.2417,train,Master,1,1.0
127,0.0,3,male,7.75,train,Mr,0,0.5
128,1.0,3,male,7.1417,train,Mr,0,0.5
129,1.0,3,female,22.3583,train,Miss,1,1.0
130,0.0,3,male,6.975,train,Mr,0,0.5
131,0.0,3,male,7.8958,train,Mr,0,0.5
132,0.0,3,male,7.05,train,Mr,0,0.5
133,0.0,3,female,14.5,train,Mrs,0,0.5
134,1.0,2,female,26.0,train,Mrs,0,0.5
135,0.0,2,male,13.0,train,Mr,0,0.5
136,0.0,2,male,15.0458,train,Mr,0,0.5
137,1.0,1,female,26.2833,train,Miss,0,0.5
138,0.0,1,male,53.1,train,Mr,0,1.0
139,0.0,3,male,9.2167,train,Mr,1,0.0
140,0.0,1,male,79.2,train,Mr,0,0.0
141,0.0,3,female,15.2458,train,Mrs,0,0.0
142,1.0,3,female,7.75,train,Miss,0,0.5
143,1.0,3,female,15.85,train,Mrs,0,0.0
144,0.0,3,male,6.75,train,Mr,0,0.5
145,0.0,2,male,11.5,train,Mr,0,0.5
146,0.0,2,male,36.75,train,Mr,0,1.0
147,1.0,3,male,7.7958,train,Mr,0,0.5
148,0.0,3,female,34.375,train,Miss,1,0.0
149,0.0,2,male,26.0,train,Mr,0,1.0
150,0.0,2,male,13.0,train,Other,0,0.5
151,0.0,2,male,12.525,train,Other,0,0.5
152,1.0,1,female,66.6,train,Mrs,0,0.0
153,0.0,3,male,8.05,train,Mr,0,0.5
154,0.0,3,male,14.5,train,Mr,0,0.5
155,0.0,3,male,7.3125,train,Mr,0,0.5
156,0.0,1,male,61.3792,train,Mr,0,0.5
157,1.0,3,female,7.7333,train,Miss,1,0.5
158,0.0,3,male,8.05,train,Mr,0,0.5
159,0.0,3,male,8.6625,train,Mr,0,0.5
160,0.0,3,male,69.55,train,Master,0,0.0
161,0.0,3,male,16.1,train,Mr,0,0.5
162,1.0,2,female,15.75,train,Mrs,0,0.5
163,0.0,3,male,7.775,train,Mr,0,0.5
164,0.0,3,male,8.6625,train,Mr,1,0.5
165,0.0,3,male,39.6875,train,Master,1,0.0
166,1.0,3,male,20.525,train,Master,1,1.0
167,1.0,1,female,55.0,train,Mrs,0,1.0
168,0.0,3,female,27.9,train,Mrs,0,0.0
169,0.0,1,male,25.925,train,Mr,0,0.5
170,0.0,3,male,56.4958,train,Mr,0,1.0
171,0.0,1,male,33.5,train,Mr,0,0.5
172,0.0,3,male,29.125,train,Master,1,0.0
173,1.0,3,female,11.1333,train,Miss,1,1.0
174,0.0,3,male,7.925,train,Mr,0,0.5
175,0.0,1,male,30.6958,train,Mr,0,0.5
176,0.0,3,male,7.8542,train,Mr,0,0.5
177,0.0,3,male,25.4667,train,Master,0,0.0
178,0.0,1,female,28.7125,train,Miss,0,0.5
179,0.0,2,male,13.0,train,Mr,0,0.5
180,0.0,3,male,0.0,train,Mr,0,1.0
181,0.0,3,female,69.55,train,Miss,1,0.0
182,0.0,2,male,15.05,train,Mr,0,0.5
183,0.0,3,male,31.3875,train,Master,1,1.0
184,1.0,2,male,39.0,train,Master,1,1.0
185,1.0,3,female,22.025,train,Miss,1,0.5
186,0.0,1,male,50.0,train,Mr,0,0.5
187,1.0,3,female,15.5,train,Mrs,0,0.0
188,1.0,1,male,26.55,train,Mr,0,0.5
189,0.0,3,male,15.5,train,Mr,0,0.0
190,0.0,3,male,7.8958,train,Mr,0,0.5
191,1.0,2,female,13.0,train,Mrs,0,0.5
192,0.0,2,male,13.0,train,Mr,0,0.5
193,1.0,3,female,7.8542,train,Miss,0,0.5
194,1.0,2,male,26.0,train,Master,1,1.0
195,1.0,1,female,27.7208,train,Mrs,0,0.5
196,1.0,1,female,146.5208,train,Miss,0,1.0
197,0.0,3,male,7.75,train,Mr,0,0.5
198,0.0,3,male,8.4042,train,Mr,0,0.5
199,1.0,3,female,7.75,train,Miss,1,0.5
200,0.0,2,female,13.0,train,Miss,0,0.5
201,0.0,3,male,9.5,train,Mr,0,0.5
202,0.0,3,male,69.55,train,Mr,0,0.0
203,0.0,3,male,6.4958,train,Mr,0,0.5
204,0.0,3,male,7.225,train,Mr,0,0.5
205,1.0,3,male,8.05,train,Mr,0,0.5
206,0.0,3,female,10.4625,train,Miss,1,0.0
207,0.0,3,male,15.85,train,Mr,0,1.0
208,1.0,3,male,18.7875,train,Mr,0,0.0
209,1.0,3,female,7.75,train,Miss,1,0.5
210,1.0,1,male,31.0,train,Mr,0,0.5
211,0.0,3,male,7.05,train,Mr,0,0.5
212,1.0,2,female,21.0,train,Miss,0,0.5
213,0.0,3,male,7.25,train,Mr,0,0.5
214,0.0,2,male,13.0,train,Mr,0,0.5
215,0.0,3,male,7.75,train,Mr,0,0.5
216,1.0,1,female,113.275,train,Miss,0,1.0
217,1.0,3,female,7.925,train,Miss,0,0.5
218,0.0,2,male,27.0,train,Mr,0,1.0
219,1.0,1,female,76.2917,train,Miss,0,0.5
220,0.0,2,male,10.5,train,Mr,0,0.5
221,1.0,3,male,8.05,train,Mr,1,0.5
222,0.0,2,male,13.0,train,Mr,0,0.5
223,0.0,3,male,8.05,train,Mr,0,0.5
224,0.0,3,male,7.8958,train,Mr,0,0.5
225,1.0,1,male,90.0,train,Mr,0,1.0
226,0.0,3,male,9.35,train,Mr,0,0.5
227,1.0,2,male,10.5,train,Mr,0,0.5
228,0.0,3,male,7.25,train,Mr,0,0.5
229,0.0,2,male,13.0,train,Mr,0,0.5
230,0.0,3,female,25.4667,train,Miss,1,0.0
231,1.0,1,female,83.475,train,Mrs,0,0.0
232,0.0,3,male,7.775,train,Mr,0,0.5
233,0.0,2,male,13.5,train,Mr,0,0.5
234,1.0,3,female,31.3875,train,Miss,1,1.0
235,0.0,2,male,10.5,train,Mr,0,0.5
236,0.0,3,female,7.55,train,Miss,1,0.5
237,0.0,2,male,26.0,train,Mr,0,0.5
238,1.0,2,female,26.25,train,Miss,1,1.0
239,0.0,2,male,10.5,train,Mr,0,0.5
240,0.0,2,male,12.275,train,Mr,0,0.5
241,0.0,3,female,14.4542,train,Miss,1,0.0
242,1.0,3,female,15.5,train,Miss,1,1.0
243,0.0,2,male,10.5,train,Mr,0,0.5
244,0.0,3,male,7.125,train,Mr,0,0.5
245,0.0,3,male,7.225,train,Mr,0,0.5
246,0.0,1,male,90.0,train,Other,0,1.0
247,0.0,3,female,7.775,train,Miss,0,0.5
248,1.0,2,female,14.5,train,Mrs,0,1.0
249,1.0,1,male,52.5542,train,Mr,0,1.0
250,0.0,2,male,26.0,train,Other,0,0.0
251,0.0,3,male,7.25,train,Mr,0,0.5
252,0.0,3,female,10.4625,train,Mrs,0,0.0
253,0.0,1,male,26.55,train,Mr,0,0.5
254,0.0,3,male,16.1,train,Mr,0,0.0
255,0.0,3,female,20.2125,train,Mrs,0,0.0
256,1.0,3,female,15.2458,train,Mrs,0,0.5
257,1.0,1,female,79.2,train,Mrs,0,0.5
258,1.0,1,female,86.5,train,Miss,0,1.0
259,1.0,1,female,512.3292,train,Miss,0,1.0
260,1.0,2,female,26.0,train,Mrs,0,1.0
261,0.0,3,male,7.75,train,Mr,0,0.5
262,1.0,3,male,31.3875,train,Master,1,1.0
263,0.0,1,male,79.65,train,Mr,0,1.0
264,0.0,1,male,0.0,train,Mr,0,0.5
265,0.0,3,female,7.75,train,Miss,1,0.5
266,0.0,2,male,10.5,train,Mr,0,0.5
267,0.0,3,male,39.6875,train,Mr,1,0.0
268,1.0,3,male,7.775,train,Mr,0,0.5
269,1.0,1,female,153.4625,train,Mrs,0,1.0
270,1.0,1,female,135.6333,train,Miss,0,1.0
271,0.0,1,male,31.0,train,Mr,0,1.0
272,1.0,3,male,0.0,train,Mr,0,0.0
273,1.0,2,female,19.5,train,Mrs,0,1.0
274,0.0,1,male,29.7,train,Mr,0,0.5
275,1.0,3,female,7.75,train,Miss,1,0.5
276,1.0,1,female,77.9583,train,Miss,0,1.0
277,0.0,3,female,7.75,train,Miss,0,0.5
278,0.0,2,male,0.0,train,Mr,0,0.0
279,0.0,3,male,29.125,train,Master,1,0.0
280,1.0,3,female,20.25,train,Mrs,0,0.0
281,0.0,3,male,7.75,train,Mr,0,0.5
282,0.0,3,male,7.8542,train,Mr,0,0.5
283,0.0,3,male,9.5,train,Mr,1,0.5
284,1.0,3,male,8.05,train,Mr,0,0.5
285,0.0,1,male,26.0,train,Mr,0,0.5
286,0.0,3,male,8.6625,train,Mr,0,0.5
287,1.0,3,male,9.5,train,Mr,0,0.5
288,0.0,3,male,7.8958,train,Mr,0,0.5
289,1.0,2,male,13.0,train,Mr,0,0.5
290,1.0,3,female,7.75,train,Miss,0,0.5
291,1.0,1,female,78.85,train,Miss,0,0.0
292,1.0,1,female,91.0792,train,Mrs,0,1.0
293,0.0,2,male,12.875,train,Mr,0,0.5
294,0.0,3,female,8.85,train,Miss,0,0.5
295,0.0,3,male,7.8958,train,Mr,0,0.5
296,0.0,1,male,27.7208,train,Mr,0,0.5
297,0.0,3,male,7.2292,train,Mr,0,0.5
298,0.0,1,female,151.55,train,Miss,1,1.0
299,1.0,1,male,30.5,train,Mr,0,0.5
300,1.0,1,female,247.5208,train,Mrs,0,0.0
301,1.0,3,female,7.75,train,Miss,1,0.5
302,1.0,3,male,23.25,train,Mr,0,1.0
303,0.0,3,male,0.0,train,Mr,0,1.0
304,1.0,2,female,12.35,train,Miss,1,0.5
305,0.0,3,male,8.05,train,Mr,0,0.5
306,1.0,1,male,151.55,train,Master,1,1.0
307,1.0,1,female,110.8833,train,Miss,1,1.0
308,1.0,1,female,108.9,train,Mrs,1,0.0
309,0.0,2,male,24.0,train,Mr,0,1.0
310,1.0,1,female,56.9292,train,Miss,0,1.0
311,1.0,1,female,83.1583,train,Miss,0,1.0
312,1.0,1,female,262.375,train,Miss,0,1.0
313,0.0,2,female,26.0,train,Mrs,0,0.5
314,0.0,3,male,7.8958,train,Mr,0,0.5
315,0.0,2,male,26.25,train,Mr,0,1.0
316,1.0,3,female,7.8542,train,Miss,0,0.5
317,1.0,2,female,26.0,train,Mrs,0,0.0
318,0.0,2,male,14.0,train,Other,0,0.5
319,1.0,1,female,164.8667,train,Miss,0,1.0
320,1.0,1,female,134.5,train,Mrs,0,1.0
321,0.0,3,male,7.25,train,Mr,0,0.5
322,0.0,3,male,7.8958,train,Mr,0,0.5
323,1.0,2,female,12.35,train,Miss,0,0.5
324,1.0,2,female,29.0,train,Mrs,0,1.0
325,0.0,3,male,69.55,train,Mr,0,0.0
326,1.0,1,female,135.6333,train,Miss,0,1.0
327,0.0,3,male,6.2375,train,Mr,0,0.5
328,1.0,2,female,13.0,train,Mrs,0,0.5
329,1.0,3,female,20.525,train,Mrs,0,1.0
330,1.0,1,female,57.9792,train,Miss,1,1.0
331,1.0,3,female,23.25,train,Miss,1,1.0
332,0.0,1,male,28.5,train,Mr,0,0.5
333,0.0,1,male,153.4625,train,Mr,0,1.0
334,0.0,3,male,18.0,train,Mr,1,0.0
335,1.0,1,female,133.65,train,Mrs,0,1.0
336,0.0,3,male,7.8958,train,Mr,0,0.5
337,0.0,1,male,66.6,train,Mr,0,1.0
338,1.0,1,female,134.5,train,Miss,0,1.0
339,1.0,3,male,8.05,train,Mr,0,0.5
340,0.0,1,male,35.5,train,Mr,0,0.5
341,1.0,2,male,26.0,train,Master,1,1.0
342,1.0,1,female,263.0,train,Miss,0,1.0
343,0.0,2,male,13.0,train,Mr,0,0.5
344,0.0,2,male,13.0,train,Mr,0,0.5
345,0.0,2,male,13.0,train,Mr,0,0.5
346,1.0,2,female,13.0,train,Miss,0,0.5
347,1.0,2,female,13.0,train,Miss,0,0.5
348,1.0,3,female,16.1,train,Mrs,0,0.5
349,1.0,3,male,15.9,train,Master,1,1.0
350,0.0,3,male,8.6625,train,Mr,0,0.5
351,0.0,3,male,9.225,train,Mr,0,0.5
352,0.0,1,male,35.0,train,Mr,0,0.5
353,0.0,3,male,7.2292,train,Mr,1,0.5
354,0.0,3,male,17.8,train,Mr,0,0.0
355,0.0,3,male,7.225,train,Mr,0,0.5
356,0.0,3,male,9.5,train,Mr,0,0.5
357,1.0,1,female,55.0,train,Miss,0,1.0
358,0.0,2,female,13.0,train,Miss,0,0.5
359,1.0,3,female,7.8792,train,Miss,1,0.5
360,1.0,3,female,7.8792,train,Miss,1,0.5
361,0.0,3,male,27.9,train,Mr,0,0.0
362,0.0,2,male,27.7208,train,Mr,0,0.5
363,0.0,3,female,14.4542,train,Mrs,0,0.0
364,0.0,3,male,7.05,train,Mr,0,0.5
365,0.0,3,male,15.5,train,Mr,0,1.0
366,0.0,3,male,7.25,train,Mr,0,0.5
367,1.0,1,female,75.25,train,Mrs,0,0.5
368,1.0,3,female,7.2292,train,Mrs,0,0.5
369,1.0,3,female,7.75,train,Miss,1,0.5
370,1.0,1,female,69.3,train,Mrs,0,1.0
371,1.0,1,male,55.4417,train,Mr,0,0.5
372,0.0,3,male,6.4958,train,Mr,0,0.5
373,0.0,3,male,8.05,train,Mr,0,0.5
374,0.0,1,male,135.6333,train,Mr,0,1.0
375,0.0,3,female,21.075,train,Miss,1,0.0
376,1.0,1,female,82.1708,train,Mrs,0,0.0
377,1.0,3,female,7.25,train,Miss,0,0.5
378,0.0,1,male,211.5,train,Mr,0,0.5
379,0.0,3,male,4.0125,train,Mr,0,0.5
380,0.0,3,male,7.775,train,Mr,0,0.5
381,1.0,1,female,227.525,train,Miss,0,1.0
382,1.0,3,female,15.7417,train,Miss,1,1.0
383,0.0,3,male,7.925,train,Mr,0,0.5
384,1.0,1,female,52.0,train,Mrs,0,0.0
385,0.0,3,male,7.8958,train,Mr,0,0.5
386,0.0,2,male,73.5,train,Mr,0,0.0
387,0.0,3,male,46.9,train,Master,1,0.0
388,1.0,2,female,13.0,train,Miss,0,0.5
389,0.0,3,male,7.7292,train,Mr,0,0.5
390,1.0,2,female,12.0,train,Miss,1,0.5
391,1.0,1,male,120.0,train,Mr,0,1.0
392,1.0,3,male,7.7958,train,Mr,0,0.5
393,0.0,3,male,7.925,train,Mr,0,0.5
394,1.0,1,female,113.275,train,Miss,0,1.0
395,1.0,3,female,16.7,train,Mrs,0,1.0
396,0.0,3,male,7.7958,train,Mr,0,0.5
397,0.0,3,female,7.8542,train,Miss,0,0.5
398,0.0,2,male,26.0,train,Mr,0,0.0
399,0.0,2,male,10.5,train,Other,0,0.5
400,1.0,2,female,12.65,train,Mrs,0,0.5
401,1.0,3,male,7.925,train,Mr,0,0.5
402,0.0,3,male,8.05,train,Mr,0,0.5
403,0.0,3,female,9.825,train,Miss,0,0.5
404,0.0,3,male,15.85,train,Mr,0,1.0
405,0.0,3,female,8.6625,train,Miss,0,0.5
406,0.0,2,male,21.0,train,Mr,0,0.5
407,0.0,3,male,7.75,train,Mr,0,0.5
408,1.0,2,male,18.75,train,Master,1,1.0
409,0.0,3,male,7.775,train,Mr,0,0.5
410,0.0,3,female,25.4667,train,Miss,1,0.0
411,0.0,3,male,7.8958,train,Mr,0,0.5
412,0.0,3,male,6.8583,train,Mr,0,0.5
413,1.0,1,female,90.0,train,Miss,0,0.0
414,0.0,2,male,0.0,train,Mr,0,0.0
415,1.0,3,male,7.925,train,Mr,0,0.5
416,0.0,3,female,8.05,train,Mrs,0,0.5
417,1.0,2,female,32.5,train,Mrs,0,0.5
418,1.0,2,female,13.0,train,Miss,0,0.5
419,0.0,2,male,13.0,train,Mr,0,0.5
420,0.0,3,female,24.15,train,Miss,1,0.0
421,0.0,3,male,7.8958,train,Mr,0,0.5
422,0.0,3,male,7.7333,train,Mr,0,0.5
423,0.0,3,male,7.875,train,Mr,0,0.5
424,0.0,3,female,14.4,train,Mrs,0,0.0
425,0.0,3,male,20.2125,train,Mr,0,0.0
426,0.0,3,male,7.25,train,Mr,0,0.5
427,1.0,2,female,26.0,train,Mrs,0,0.5
428,1.0,2,female,26.0,train,Miss,0,0.0
429,0.0,3,male,7.75,train,Mr,0,0.5
430,1.0,3,male,8.05,train,Mr,0,0.5
431,1.0,1,male,26.55,train,Mr,0,0.5
432,1.0,3,female,16.1,train,Mrs,0,0.0
433,1.0,2,female,26.0,train,Mrs,0,0.5
434,0.0,3,male,7.125,train,Mr,1,0.5
435,0.0,1,male,55.9,train,Mr,0,1.0
436,1.0,1,female,120.0,train,Miss,1,1.0
437,0.0,3,female,34.375,train,Miss,0,0.0
438,1.0,2,female,18.75,train,Mrs,0,1.0
439,0.0,1,male,263.0,train,Mr,0,1.0
440,0.0,2,male,10.5,train,Mr,0,0.5
441,1.0,2,female,26.25,train,Mrs,0,1.0
442,0.0,3,male,9.5,train,Mr,0,0.5
443,0.0,3,male,7.775,train,Mr,0,0.5
444,1.0,2,female,13.0,train,Miss,0,0.5
445,1.0,3,male,8.1125,train,Mr,0,0.5
446,1.0,1,male,81.8583,train,Master,1,0.5
447,1.0,2,female,19.5,train,Miss,1,1.0
448,1.0,1,male,26.55,train,Mr,0,0.5
449,1.0,3,female,19.2583,train,Miss,1,1.0
450,1.0,1,male,30.5,train,Military,0,0.5
451,0.0,2,male,27.75,train,Mr,0,1.0
452,0.0,3,male,19.9667,train,Mr,0,0.5
453,0.0,1,male,27.75,train,Mr,0,0.5
454,1.0,1,male,89.1042,train,Mr,0,1.0
455,0.0,3,male,8.05,train,Mr,0,0.5
456,1.0,3,male,7.8958,train,Mr,0,0.5
457,0.0,1,male,26.55,train,Mr,0,0.5
458,1.0,1,female,51.8625,train,Mrs,0,0.5
459,1.0,2,female,10.5,train,Miss,0,0.5
460,0.0,3,male,7.75,train,Mr,0,0.5
461,1.0,1,male,26.55,train,Mr,0,0.5
462,0.0,3,male,8.05,train,Mr,0,0.5
463,0.0,1,male,38.5,train,Mr,0,0.5
464,0.0,2,male,13.0,train,Mr,0,0.5
465,0.0,3,male,8.05,train,Mr,0,0.5
466,0.0,3,male,7.05,train,Mr,0,0.5
467,0.0,2,male,0.0,train,Mr,0,0.0
468,0.0,1,male,26.55,train,Mr,0,0.5
469,0.0,3,male,7.725,train,Mr,0,0.5
470,1.0,3,female,19.2583,train,Miss,1,1.0
471,0.0,3,male,7.25,train,Mr,0,0.5
472,0.0,3,male,8.6625,train,Mr,0,0.5
473,1.0,2,female,27.75,train,Mrs,0,1.0
474,1.0,2,female,13.7917,train,Mrs,0,0.5
475,0.0,3,female,9.8375,train,Miss,0,0.5
476,0.0,1,male,52.0,train,Mr,0,0.0
477,0.0,2,male,21.0,train,Mr,0,1.0
478,0.0,3,male,7.0458,train,Mr,0,0.5
479,0.0,3,male,7.5208,train,Mr,0,0.5
480,1.0,3,female,12.2875,train,Miss,1,0.5
481,0.0,3,male,46.9,train,Master,1,0.0
482,0.0,2,male,0.0,train,Mr,0,0.5
483,0.0,3,male,8.05,train,Mr,0,0.5
484,1.0,3,female,9.5875,train,Mrs,0,0.5
485,1.0,1,male,91.0792,train,Mr,0,1.0
486,0.0,3,female,25.4667,train,Miss,1,0.0
487,1.0,1,female,90.0,train,Mrs,0,1.0
488,0.0,1,male,29.7,train,Mr,0,0.5
489,0.0,3,male,8.05,train,Mr,0,0.5
490,1.0,3,male,15.9,train,Master,1,1.0
491,0.0,3,male,19.9667,train,Mr,0,0.5
492,0.0,3,male,7.25,train,Mr,0,0.5
493,0.0,1,male,30.5,train,Mr,0,0.5
494,0.0,1,male,49.5042,train,Mr,0,0.5
495,0.0,3,male,8.05,train,Mr,0,0.5
496,0.0,3,male,14.4583,train,Mr,0,0.0
497,1.0,1,female,78.2667,train,Miss,0,1.0
498,0.0,3,male,15.1,train,Mr,0,0.5
499,0.0,1,female,151.55,train,Mrs,0,1.0
500,0.0,3,male,7.7958,train,Mr,0,0.5
501,0.0,3,male,8.6625,train,Mr,1,0.5
502,0.0,3,female,7.75,train,Miss,0,0.5
503,0.0,3,female,7.6292,train,Miss,1,0.5
504,0.0,3,female,9.5875,train,Miss,0,0.5
505,1.0,1,female,86.5,train,Miss,1,1.0
506,0.0,1,male,108.9,train,Mr,0,1.0
507,1.0,2,female,26.0,train,Mrs,0,1.0
508,1.0,1,male,26.55,train,Mr,0,0.5
509,0.0,3,male,22.525,train,Mr,0,0.5
510,1.0,3,male,56.4958,train,Mr,0,1.0
511,1.0,3,male,7.75,train,Mr,0,0.5
512,0.0,3,male,8.05,train,Mr,0,0.5
513,1.0,1,male,26.2875,train,Mr,0,0.5
514,1.0,1,female,59.4,train,Mrs,0,0.5
515,0.0,3,male,7.4958,train,Mr,0,0.5
516,0.0,1,male,34.0208,train,Mr,0,0.5
517,1.0,2,female,10.5,train,Mrs,0,0.5
518,0.0,3,male,24.15,train,Mr,0,1.0
519,1.0,2,female,26.0,train,Mrs,0,0.5
520,0.0,3,male,7.8958,train,Mr,0,0.5
521,1.0,1,female,93.5,train,Miss,0,1.0
522,0.0,3,male,7.8958,train,Mr,0,0.5
523,0.0,3,male,7.225,train,Mr,0,0.5
524,1.0,1,female,57.9792,train,Mrs,0,1.0
525,0.0,3,male,7.2292,train,Mr,0,0.5
526,0.0,3,male,7.75,train,Mr,0,0.5
527,1.0,2,female,10.5,train,Miss,0,0.5
528,0.0,1,male,221.7792,train,Mr,0,0.5
529,0.0,3,male,7.925,train,Mr,0,0.5
530,0.0,2,male,11.5,train,Mr,0,0.5
531,1.0,2,female,26.0,train,Miss,1,1.0
532,0.0,3,male,7.2292,train,Mr,0,0.5
533,0.0,3,male,7.2292,train,Mr,1,0.5
534,1.0,3,female,22.3583,train,Mrs,0,1.0
535,0.0,3,female,8.6625,train,Miss,0,0.5
536,1.0,2,female,26.25,train,Miss,1,1.0
537,0.0,1,male,26.55,train,Military,0,0.5
538,1.0,1,female,106.425,train,Miss,0,0.0
539,0.0,3,male,14.5,train,Mr,0,0.5
540,1.0,1,female,49.5,train,Miss,0,0.5
541,1.0,1,female,71.0,train,Miss,0,0.0
542,0.0,3,female,31.275,train,Miss,1,0.0
543,0.0,3,female,31.275,train,Miss,1,0.0
544,1.0,2,male,26.0,train,Mr,0,1.0
545,0.0,1,male,106.425,train,Mr,0,1.0
546,0.0,1,male,26.0,train,Mr,0,0.5
547,1.0,2,female,26.0,train,Mrs,0,1.0
548,1.0,2,male,13.8625,train,Mr,0,0.5
549,0.0,3,male,20.525,train,Mr,0,1.0
550,1.0,2,male,36.75,train,Master,1,0.0
551,1.0,1,male,110.8833,train,Mr,1,1.0
552,0.0,2,male,26.0,train,Mr,0,0.5
553,0.0,3,male,7.8292,train,Mr,0,0.5
554,1.0,3,male,7.225,train,Mr,0,0.5
555,1.0,3,female,7.775,train,Miss,0,0.5
556,0.0,1,male,26.55,train,Mr,0,0.5
557,1.0,1,female,39.6,train,Royal,0,0.5
558,0.0,1,male,227.525,train,Mr,0,1.0
559,1.0,1,female,79.65,train,Mrs,0,1.0
560,1.0,3,female,17.4,train,Mrs,0,0.5
561,0.0,3,male,7.75,train,Mr,0,0.5
562,0.0,3,male,7.8958,train,Mr,0,0.5
563,0.0,2,male,13.5,train,Mr,0,0.5
564,0.0,3,male,8.05,train,Mr,0,0.5
565,0.0,3,female,8.05,train,Miss,1,0.5
566,0.0,3,male,24.15,train,Mr,0,0.0
567,0.0,3,male,7.8958,train,Mr,0,0.5
568,0.0,3,female,21.075,train,Mrs,0,0.0
569,0.0,3,male,7.2292,train,Mr,0,0.5
570,1.0,3,male,7.8542,train,Mr,0,0.5
571,1.0,2,male,10.5,train,Mr,0,0.5
572,1.0,1,female,51.4792,train,Mrs,0,0.5
573,1.0,1,male,26.3875,train,Mr,0,0.5
574,1.0,3,female,7.75,train,Miss,1,0.5
575,0.0,3,male,8.05,train,Mr,1,0.5
576,0.0,3,male,14.5,train,Mr,0,0.0
577,1.0,2,female,13.0,train,Miss,0,0.5
578,1.0,1,female,55.9,train,Mrs,0,0.0
579,0.0,3,female,14.4583,train,Mrs,0,0.5
580,1.0,3,male,7.925,train,Mr,0,0.5
581,1.0,2,female,30.0,train,Miss,0,0.5
582,1.0,1,female,110.8833,train,Mrs,0,1.0
583,0.0,2,male,26.0,train,Mr,0,0.0
584,0.0,1,male,40.125,train,Mr,0,0.5
585,0.0,3,male,8.7125,train,Mr,0,0.5
586,1.0,1,female,79.65,train,Miss,0,1.0
587,0.0,2,male,15.0,train,Mr,0,0.5
588,1.0,1,male,79.2,train,Mr,0,0.5
589,0.0,3,male,8.05,train,Mr,0,0.5
590,0.0,3,male,8.05,train,Mr,0,0.5
591,0.0,3,male,7.125,train,Mr,0,0.5
592,1.0,1,female,78.2667,train,Mrs,0,1.0
593,0.0,3,male,7.25,train,Mr,0,0.5
594,0.0,3,female,7.75,train,Miss,1,0.5
595,0.0,2,male,26.0,train,Mr,0,0.5
596,0.0,3,male,24.15,train,Mr,0,0.0
597,1.0,2,female,33.0,train,Miss,1,1.0
598,0.0,3,male,0.0,train,Mr,0,1.0
599,0.0,3,male,7.225,train,Mr,0,0.5
600,1.0,1,male,56.9292,train,Royal,0,1.0
601,1.0,2,female,27.0,train,Mrs,0,0.0
602,0.0,3,male,7.8958,train,Mr,0,0.5
603,0.0,1,male,42.4,train,Mr,0,0.5
604,0.0,3,male,8.05,train,Mr,0,0.5
605,1.0,1,male,26.55,train,Mr,0,0.5
606,0.0,3,male,15.55,train,Mr,0,0.5
607,0.0,3,male,7.8958,train,Mr,0,0.5
608,1.0,1,male,30.5,train,Mr,0,0.5
609,1.0,2,female,41.5792,train,Mrs,0,1.0
610,1.0,1,female,153.4625,train,Miss,0,1.0
611,0.0,3,female,31.275,train,Mrs,0,0.0
612,0.0,3,male,7.05,train,Mr,0,0.5
613,1.0,3,female,15.5,train,Miss,1,1.0
614,0.0,3,male,7.75,train,Mr,0,0.5
615,0.0,3,male,8.05,train,Mr,0,0.5
616,1.0,2,female,65.0,train,Miss,0,1.0
617,0.0,3,male,14.4,train,Mr,0,0.0
618,0.0,3,female,16.1,train,Mrs,0,0.0
619,1.0,2,female,39.0,train,Miss,1,1.0
620,0.0,2,male,10.5,train,Mr,0,0.5
621,0.0,3,male,14.4542,train,Mr,0,1.0
622,1.0,1,male,52.5542,train,Mr,0,0.5
623,1.0,3,male,15.7417,train,Mr,0,1.0
624,0.0,3,male,7.8542,train,Mr,0,0.5
625,0.0,3,male,16.1,train,Mr,0,0.0
626,0.0,1,male,32.3208,train,Mr,0,0.5
627,0.0,2,male,12.35,train,Other,0,0.5
628,1.0,1,female,77.9583,train,Miss,0,1.0
629,0.0,3,male,7.8958,train,Mr,0,0.5
630,0.0,3,male,7.7333,train,Mr,0,0.5
631,1.0,1,male,30.0,train,Mr,0,0.5
632,0.0,3,male,7.0542,train,Mr,0,0.5
633,1.0,1,male,30.5,train,Other,0,0.5
634,0.0,1,male,0.0,train,Mr,0,0.5
635,0.0,3,female,27.9,train,Miss,1,0.0
636,1.0,2,female,13.0,train,Miss,0,0.5
637,0.0,3,male,7.925,train,Mr,0,0.5
638,0.0,2,male,26.25,train,Mr,0,1.0
639,0.0,3,female,39.6875,train,Mrs,0,0.0
640,0.0,3,male,16.1,train,Mr,0,1.0
641,0.0,3,male,7.8542,train,Mr,0,0.5
642,1.0,1,female,69.3,train,Miss,0,1.0
643,0.0,3,female,27.9,train,Miss,1,0.0
644,1.0,3,male,56.4958,train,Mr,0,1.0
645,1.0,3,female,19.2583,train,Miss,1,1.0
646,1.0,1,male,76.7292,train,Mr,0,1.0
647,0.0,3,male,7.8958,train,Mr,0,0.5
648,1.0,1,male,35.5,train,Military,0,0.5
649,0.0,3,male,7.55,train,Mr,0,0.5
650,1.0,3,female,7.55,train,Miss,0,0.5
651,0.0,3,male,7.8958,train,Mr,0,0.5
652,1.0,2,female,23.0,train,Miss,0,1.0
653,0.0,3,male,8.4333,train,Mr,0,0.5
654,1.0,3,female,7.8292,train,Miss,1,0.5
655,0.0,3,female,6.75,train,Miss,0,0.5
656,0.0,2,male,73.5,train,Mr,0,0.0
657,0.0,3,male,7.8958,train,Mr,0,0.5
658,0.0,3,female,15.5,train,Mrs,0,0.0
659,0.0,2,male,13.0,train,Mr,0,0.5
660,0.0,1,male,113.275,train,Mr,0,1.0
661,1.0,1,male,133.65,train,Other,0,1.0
662,0.0,3,male,7.225,train,Mr,0,0.5
663,0.0,1,male,25.5875,train,Mr,0,0.5
664,0.0,3,male,7.4958,train,Mr,0,0.5
665,1.0,3,male,7.925,train,Mr,0,0.5
666,0.0,2,male,73.5,train,Mr,0,0.0
667,0.0,2,male,13.0,train,Mr,0,0.5
668,0.0,3,male,7.775,train,Mr,0,0.5
669,0.0,3,male,8.05,train,Mr,0,0.5
670,1.0,1,female,52.0,train,Mrs,0,1.0
671,1.0,2,female,39.0,train,Mrs,0,0.0
672,0.0,1,male,52.0,train,Mr,0,0.5
673,0.0,2,male,10.5,train,Mr,0,0.5
674,1.0,2,male,13.0,train,Mr,0,0.5
675,0.0,2,male,0.0,train,Mr,0,0.5
676,0.0,3,male,7.775,train,Mr,0,0.5
677,0.0,3,male,8.05,train,Mr,0,0.5
678,1.0,3,female,9.8417,train,Miss,0,0.5
679,0.0,3,female,46.9,train,Mrs,0,0.0
680,1.0,1,male,512.3292,train,Mr,0,1.0
681,0.0,3,female,8.1375,train,Miss,1,0.5
682,1.0,1,male,76.7292,train,Mr,0,1.0
683,0.0,3,male,9.225,train,Mr,0,0.5
684,0.0,3,male,46.9,train,Mr,1,0.0
685,0.0,2,male,39.0,train,Mr,0,1.0
686,0.0,2,male,41.5792,train,Mr,0,1.0
687,0.0,3,male,39.6875,train,Mr,1,0.0
688,0.0,3,male,10.1708,train,Mr,0,0.5
689,0.0,3,male,7.7958,train,Mr,0,0.5
690,1.0,1,female,211.3375,train,Miss,1,1.0
691,1.0,1,male,57.0,train,Mr,0,1.0
692,1.0,3,female,13.4167,train,Miss,1,0.5
693,1.0,3,male,56.4958,train,Mr,0,1.0
694,0.0,3,male,7.225,train,Mr,0,0.5
695,0.0,1,male,26.55,train,Military,0,0.5
696,0.0,2,male,13.5,train,Mr,0,0.5
697,0.0,3,male,8.05,train,Mr,0,0.5
698,1.0,3,female,7.7333,train,Miss,1,0.5
699,0.0,1,male,110.8833,train,Mr,0,1.0
700,0.0,3,male,7.65,train,Mr,0,0.5
701,1.0,1,female,227.525,train,Mrs,0,1.0
702,1.0,1,male,26.2875,train,Mr,0,0.5
703,0.0,3,female,14.4542,train,Miss,0,0.0
704,0.0,3,male,7.7417,train,Mr,0,0.5
705,0.0,3,male,7.8542,train,Mr,0,0.5
706,0.0,2,male,26.0,train,Mr,0,1.0
707,1.0,2,female,13.5,train,Mrs,0,0.5
708,1.0,1,male,26.2875,train,Mr,0,0.5
709,1.0,1,female,151.55,train,Miss,0,1.0
710,1.0,3,male,15.2458,train,Master,0,1.0
711,1.0,1,female,49.5042,train,Miss,0,0.5
712,0.0,1,male,26.55,train,Mr,0,0.5
713,1.0,1,male,52.0,train,Mr,0,1.0
714,0.0,3,male,9.4833,train,Mr,0,0.5
715,0.0,2,male,13.0,train,Mr,0,0.0
716,0.0,3,male,7.65,train,Mr,0,0.5
717,1.0,1,female,227.525,train,Miss,0,1.0
718,1.0,2,female,10.5,train,Miss,0,0.5
719,0.0,3,male,15.5,train,Mr,0,0.5
720,0.0,3,male,7.775,train,Mr,0,0.5
721,1.0,2,female,33.0,train,Miss,1,1.0
722,0.0,3,male,7.0542,train,Mr,1,0.5
723,0.0,2,male,13.0,train,Mr,0,0.5
724,0.0,2,male,13.0,train,Mr,0,0.5
725,1.0,1,male,53.1,train,Mr,0,1.0
726,0.0,3,male,8.6625,train,Mr,0,0.5
727,1.0,2,female,21.0,train,Mrs,0,0.0
728,1.0,3,female,7.7375,train,Miss,1,0.5
729,0.0,2,male,26.0,train,Mr,0,0.5
730,0.0,3,female,7.925,train,Miss,0,0.5
731,1.0,1,female,211.3375,train,Miss,0,1.0
732,0.0,3,male,18.7875,train,Mr,1,1.0
733,0.0,2,male,0.0,train,Mr,0,0.5
734,0.0,2,male,13.0,train,Mr,0,0.5
735,0.0,2,male,13.0,train,Mr,0,0.5
736,0.0,3,male,16.1,train,Mr,0,0.0
737,0.0,3,female,34.375,train,Mrs,0,0.0
738,1.0,1,male,512.3292,train,Mr,0,1.0
739,0.0,3,male,7.8958,train,Mr,0,0.5
740,0.0,3,male,7.8958,train,Mr,0,0.5
741,1.0,1,male,30.0,train,Mr,0,0.5
742,0.0,1,male,78.85,train,Mr,0,1.0
743,1.0,1,female,262.375,train,Miss,0,1.0
744,0.0,3,male,16.1,train,Mr,0,0.5
745,1.0,3,male,7.925,train,Mr,0,0.5
746,0.0,1,male,71.0,train,Military,0,1.0
747,0.0,3,male,20.25,train,Mr,1,1.0
748,1.0,2,female,13.0,train,Miss,0,0.5
749,0.0,1,male,53.1,train,Mr,0,0.5
750,0.0,3,male,7.75,train,Mr,0,0.5
751,1.0,2,female,23.0,train,Miss,1,0.5
752,1.0,3,male,12.475,train,Master,1,1.0
753,0.0,3,male,9.5,train,Mr,0,0.5
754,0.0,3,male,7.8958,train,Mr,0,0.5
755,1.0,2,female,65.0,train,Mrs,0,1.0
756,1.0,2,male,14.5,train,Master,1,1.0
757,0.0,3,male,7.7958,train,Mr,0,0.5
758,0.0,2,male,11.5,train,Mr,0,0.5
759,0.0,3,male,8.05,train,Mr,0,0.5
760,1.0,1,female,86.5,train,Royal,0,1.0
761,0.0,3,male,14.5,train,Mr,0,0.0
762,0.0,3,male,7.125,train,Mr,0,0.5
763,1.0,3,male,7.2292,train,Mr,0,0.5
764,1.0,1,female,120.0,train,Mrs,0,1.0
765,0.0,3,male,7.775,train,Mr,1,0.5
766,1.0,1,female,77.9583,train,Mrs,0,1.0
767,0.0,1,male,39.6,train,Other,0,0.5
768,0.0,3,female,7.75,train,Miss,0,0.5
769,0.0,3,male,24.15,train,Mr,0,1.0
770,0.0,3,male,8.3625,train,Mr,0,0.5
771,0.0,3,male,9.5,train,Mr,0,0.5
772,0.0,3,male,7.8542,train,Mr,0,0.5
773,0.0,2,female,10.5,train,Mrs,0,0.0
774,0.0,3,male,7.225,train,Mr,0,0.5
775,1.0,2,female,23.0,train,Mrs,0,0.5
776,0.0,3,male,7.75,train,Mr,0,0.5
777,0.0,3,male,7.75,train,Mr,0,0.5
778,1.0,3,female,12.475,train,Miss,1,1.0
779,0.0,3,male,7.7375,train,Mr,0,0.5
780,1.0,1,female,211.3375,train,Mrs,0,1.0
781,1.0,3,female,7.2292,train,Miss,1,0.5
782,1.0,1,female,57.0,train,Mrs,1,1.0
783,0.0,1,male,30.0,train,Mr,0,0.5
784,0.0,3,male,23.45,train,Mr,0,0.0
785,0.0,3,male,7.05,train,Mr,0,0.5
786,0.0,3,male,7.25,train,Mr,0,0.5
787,1.0,3,female,7.4958,train,Miss,0,0.5
788,0.0,3,male,29.125,train,Master,1,0.0
789,1.0,3,male,20.575,train,Master,1,0.0
790,0.0,1,male,79.2,train,Mr,0,0.0
791,0.0,3,male,7.75,train,Mr,0,0.5
792,0.0,2,male,26.0,train,Mr,1,0.0
793,0.0,3,female,69.55,train,Miss,1,0.0
794,0.0,1,male,30.6958,train,Mr,0,0.5
795,0.0,3,male,7.8958,train,Mr,0,0.5
796,0.0,2,male,13.0,train,Mr,0,0.5
797,1.0,1,female,25.9292,train,Other,0,0.5
798,1.0,3,female,8.6833,train,Mrs,0,0.5
799,0.0,3,male,7.2292,train,Mr,0,0.5
800,0.0,3,female,24.15,train,Mrs,0,0.0
801,0.0,2,male,13.0,train,Mr,0,0.0
802,1.0,2,female,26.25,train,Mrs,0,1.0
803,1.0,1,male,120.0,train,Master,1,1.0
804,1.0,3,male,8.5167,train,Master,1,0.5
805,1.0,3,male,6.975,train,Mr,0,0.5
806,0.0,3,male,7.775,train,Mr,0,0.5
807,0.0,1,male,0.0,train,Mr,0,0.5
808,0.0,3,female,7.775,train,Miss,0,0.5
809,0.0,2,male,13.0,train,Mr,0,0.5
810,1.0,1,female,53.1,train,Mrs,0,1.0
811,0.0,3,male,7.8875,train,Mr,0,0.5
812,0.0,3,male,24.15,train,Mr,0,0.0
813,0.0,2,male,10.5,train,Mr,0,0.5
814,0.0,3,female,31.275,train,Miss,1,0.0
815,0.0,3,male,8.05,train,Mr,0,0.5
816,0.0,1,male,0.0,train,Mr,0,0.5
817,0.0,3,female,7.925,train,Miss,0,0.5
818,0.0,2,male,37.0042,train,Mr,0,1.0
819,0.0,3,male,6.45,train,Mr,0,0.5
820,0.0,3,male,27.9,train,Master,1,0.0
821,1.0,1,female,93.5,train,Mrs,0,1.0
822,1.0,3,male,8.6625,train,Mr,0,0.5
823,0.0,1,male,0.0,train,Royal,0,0.5
824,1.0,3,female,12.475,train,Mrs,0,1.0
825,0.0,3,male,39.6875,train,Master,1,0.0
826,0.0,3,male,6.95,train,Mr,0,0.5
827,0.0,3,male,56.4958,train,Mr,0,1.0
828,1.0,2,male,37.0042,train,Master,1,0.0
829,1.0,3,male,7.75,train,Mr,0,0.5
830,1.0,1,female,80.0,train,Mrs,0,1.0
831,1.0,3,female,14.4542,train,Mrs,1,0.0
832,1.0,2,male,18.75,train,Master,1,1.0
833,0.0,3,male,7.2292,train,Mr,0,0.5
834,0.0,3,male,7.8542,train,Mr,0,0.5
835,0.0,3,male,8.3,train,Mr,0,0.5
836,1.0,1,female,83.1583,train,Miss,0,0.5
837,0.0,3,male,8.6625,train,Mr,0,0.5
838,0.0,3,male,8.05,train,Mr,0,0.5
839,1.0,3,male,56.4958,train,Mr,0,1.0
840,1.0,1,male,29.7,train,Mr,0,0.5
841,0.0,3,male,7.925,train,Mr,0,0.5
842,0.0,2,male,10.5,train,Mr,1,0.0
843,1.0,1,female,31.0,train,Miss,0,0.0
844,0.0,3,male,6.4375,train,Mr,0,0.5
845,0.0,3,male,8.6625,train,Mr,1,0.5
846,0.0,3,male,7.55,train,Mr,0,0.5
847,0.0,3,male,69.55,train,Mr,0,0.0
848,0.0,3,male,7.8958,train,Mr,0,0.5
849,0.0,2,male,33.0,train,Other,0,1.0
850,1.0,1,female,89.1042,train,Mrs,0,1.0
851,0.0,3,male,31.275,train,Master,1,0.0
852,0.0,3,male,7.775,train,Mr,0,0.5
853,0.0,3,female,15.2458,train,Miss,1,0.0
854,1.0,1,female,39.4,train,Miss,1,0.5
855,0.0,2,female,26.0,train,Mrs,0,0.0
856,1.0,3,female,9.35,train,Mrs,0,0.5
857,1.0,1,female,164.8667,train,Mrs,0,1.0
858,1.0,1,male,26.55,train,Mr,0,0.5
859,1.0,3,female,19.2583,train,Mrs,0,1.0
860,0.0,3,male,7.2292,train,Mr,0,0.5
861,0.0,3,male,14.1083,train,Mr,0,0.5
862,0.0,2,male,11.5,train,Mr,0,0.5
863,1.0,1,female,25.9292,train,Mrs,0,0.5
864,0.0,3,female,69.55,train,Miss,1,0.0
865,0.0,2,male,13.0,train,Mr,0,0.5
866,1.0,2,female,13.0,train,Mrs,0,0.5
867,1.0,2,female,13.8583,train,Miss,0,0.5
868,0.0,1,male,50.4958,train,Mr,0,0.5
869,0.0,3,male,9.5,train,Mr,0,0.5
870,1.0,3,male,11.1333,train,Master,1,1.0
871,0.0,3,male,7.8958,train,Mr,0,0.5
872,1.0,1,female,52.5542,train,Mrs,0,1.0
873,0.0,1,male,5.0,train,Mr,0,0.5
874,0.0,3,male,9.0,train,Mr,0,0.5
875,1.0,2,female,24.0,train,Mrs,0,0.0
876,1.0,3,female,7.225,train,Miss,1,0.5
877,0.0,3,male,9.8458,train,Mr,0,0.0
878,0.0,3,male,7.8958,train,Mr,0,0.5
879,0.0,3,male,7.8958,train,Mr,0,0.5
880,1.0,1,female,83.1583,train,Mrs,0,1.0
881,1.0,2,female,26.0,train,Mrs,0,1.0
882,0.0,3,male,7.8958,train,Mr,0,0.5
883,0.0,3,female,10.5167,train,Miss,0,0.5
884,0.0,2,male,10.5,train,Mr,0,0.5
885,0.0,3,male,7.05,train,Mr,0,0.5
886,0.0,3,female,29.125,train,Mrs,0,0.0
887,0.0,2,male,13.0,train,Other,0,0.5
888,1.0,1,female,30.0,train,Miss,0,0.5
889,0.0,3,female,23.45,train,Miss,1,0.0
890,1.0,1,male,30.0,train,Mr,0,0.5
891,0.0,3,male,7.75,train,Mr,0,0.5
892,,3,male,7.8292,test,Mr,0,0.5
893,,3,female,7.0,test,Mrs,0,0.5
894,,2,male,9.6875,test,Mr,0,0.5
895,,3,male,8.6625,test,Mr,0,0.5
896,,3,female,12.2875,test,Mrs,0,1.0
897,,3,male,9.225,test,Mr,1,0.5
898,,3,female,7.6292,test,Miss,0,0.5
899,,2,male,29.0,test,Mr,0,1.0
900,,3,female,7.2292,test,Mrs,0,0.5
901,,3,male,24.15,test,Mr,0,0.0
902,,3,male,7.8958,test,Mr,0,0.5
903,,1,male,26.0,test,Mr,0,0.5
904,,1,female,82.2667,test,Mrs,0,0.5
905,,2,male,26.0,test,Mr,0,0.5
906,,1,female,61.175,test,Mrs,0,0.0
907,,2,female,27.7208,test,Mrs,0,0.0
908,,2,male,12.35,test,Mr,0,0.5
909,,3,male,7.225,test,Mr,0,0.5
910,,3,female,7.925,test,Miss,0,0.5
911,,3,female,7.225,test,Mrs,0,0.5
912,,1,male,59.4,test,Mr,0,1.0
913,,3,male,3.1708,test,Master,1,0.5
914,,1,female,31.6833,test,Mrs,0,0.5
915,,1,male,61.3792,test,Mr,0,0.0
916,,1,female,262.375,test,Mrs,0,1.0
917,,3,male,14.5,test,Mr,0,0.0
918,,1,female,61.9792,test,Miss,0,0.0
919,,3,male,7.225,test,Mr,0,0.5
920,,1,male,30.5,test,Mr,0,0.5
921,,3,male,21.6792,test,Mr,0,0.0
922,,2,male,26.0,test,Mr,0,1.0
923,,2,male,31.5,test,Mr,0,0.5
924,,3,female,20.575,test,Mrs,0,1.0
925,,3,female,23.45,test,Mrs,0,0.0
926,,1,male,57.75,test,Mr,0,0.5
927,,3,male,7.2292,test,Mr,0,0.5
928,,3,female,8.05,test,Miss,1,0.5
929,,3,female,8.6625,test,Miss,0,0.5
930,,3,male,9.5,test,Mr,0,0.5
931,,3,male,56.4958,test,Mr,0,1.0
932,,3,male,13.4167,test,Mr,0,1.0
933,,1,male,26.55,test,Mr,0,0.5
934,,3,male,7.85,test,Mr,0,0.5
935,,2,female,13.0,test,Mrs,0,0.5
936,,1,female,52.5542,test,Mrs,0,1.0
937,,3,male,7.925,test,Mr,0,0.5
938,,1,male,29.7,test,Mr,0,0.5
939,,3,male,7.75,test,Mr,0,0.5
940,,1,female,76.2917,test,Mrs,0,1.0
941,,3,female,15.9,test,Mrs,0,1.0
942,,1,male,60.0,test,Mr,0,0.5
943,,2,male,15.0333,test,Mr,0,0.5
944,,2,female,23.0,test,Miss,0,1.0
945,,1,female,263.0,test,Miss,0,1.0
946,,2,male,15.5792,test,Mr,0,0.5
947,,3,male,29.125,test,Master,1,0.0
948,,3,male,7.8958,test,Mr,0,0.5
949,,3,male,7.65,test,Mr,0,0.5
950,,3,male,16.1,test,Mr,0,1.0
951,,1,female,262.375,test,Miss,0,1.0
952,,3,male,7.8958,test,Mr,1,0.5
953,,2,male,13.5,test,Mr,0,0.5
954,,3,male,7.75,test,Mr,0,0.5
955,,3,female,7.725,test,Miss,0,0.5
956,,1,male,262.375,test,Master,1,1.0
957,,2,female,21.0,test,Mrs,0,0.5
958,,3,female,7.8792,test,Miss,0,0.5
959,,1,male,42.4,test,Mr,0,0.0
960,,1,male,28.5375,test,Mr,0,0.5
961,,1,female,263.0,test,Mrs,0,1.0
962,,3,female,7.75,test,Miss,0,0.5
963,,3,male,7.8958,test,Mr,0,0.5
964,,3,female,7.925,test,Miss,0,0.5
965,,1,male,27.7208,test,Mr,0,0.5
966,,1,female,211.5,test,Miss,0,0.0
967,,1,male,211.5,test,Mr,0,0.0
968,,3,male,8.05,test,Mr,0,0.5
969,,1,female,25.7,test,Mrs,0,0.5
970,,2,male,13.0,test,Mr,0,0.5
971,,3,female,7.75,test,Miss,0,0.5
972,,3,male,15.2458,test,Master,1,0.0
973,,1,male,221.7792,test,Mr,0,0.0
974,,1,male,26.0,test,Mr,0,0.5
975,,3,male,7.8958,test,Mr,0,0.5
976,,2,male,10.7083,test,Mr,0,0.5
977,,3,male,14.4542,test,Mr,0,0.5
978,,3,female,7.8792,test,Miss,0,0.5
979,,3,female,8.05,test,Miss,0,0.5
980,,3,female,7.75,test,Miss,1,0.5
981,,2,male,23.0,test,Master,1,1.0
982,,3,female,13.9,test,Mrs,0,0.5
983,,3,male,7.775,test,Mr,0,0.5
984,,1,female,52.0,test,Mrs,0,0.0
985,,3,male,8.05,test,Mr,0,0.5
986,,1,male,26.0,test,Mr,0,0.5
987,,3,male,7.7958,test,Mr,0,0.5
988,,1,female,78.85,test,Mrs,0,1.0
989,,3,male,7.925,test,Mr,0,0.5
990,,3,female,7.8542,test,Miss,0,0.5
991,,3,male,8.05,test,Mr,0,0.5
992,,1,female,55.4417,test,Mrs,0,0.5
993,,2,male,26.0,test,Mr,0,1.0
994,,3,male,7.75,test,Mr,0,0.5
995,,3,male,7.775,test,Mr,0,0.5
996,,3,female,8.5167,test,Mrs,1,1.0
997,,3,male,22.525,test,Mr,0,0.0
998,,3,male,7.8208,test,Mr,0,0.5
999,,3,male,7.75,test,Mr,0,0.5
1000,,3,male,8.7125,test,Mr,0,0.5
1001,,2,male,13.0,test,Mr,0,0.5
1002,,2,male,15.0458,test,Mr,0,0.5
1003,,3,female,7.7792,test,Miss,1,0.5
1004,,1,female,31.6792,test,Miss,0,0.5
1005,,3,female,7.2833,test,Miss,0,0.5
1006,,1,female,221.7792,test,Mrs,0,0.0
1007,,3,male,14.4542,test,Mr,0,0.0
1008,,3,male,6.4375,test,Mr,0,0.5
1009,,3,female,16.7,test,Miss,1,1.0
1010,,1,male,75.2417,test,Mr,0,0.5
1011,,2,female,26.0,test,Mrs,0,0.0
1012,,2,female,15.75,test,Miss,1,1.0
1013,,3,male,7.75,test,Mr,0,0.5
1014,,1,female,57.75,test,Mrs,0,0.5
1015,,3,male,7.25,test,Mr,0,0.5
1016,,3,male,7.75,test,Mr,0,0.5
1017,,3,female,16.1,test,Miss,1,0.0
1018,,3,male,7.7958,test,Mr,0,0.5
1019,,3,female,23.25,test,Miss,1,1.0
1020,,2,male,13.0,test,Mr,0,0.5
1021,,3,male,8.05,test,Mr,0,0.5
1022,,3,male,8.05,test,Mr,0,0.5
1023,,1,male,28.5,test,Military,0,0.5
1024,,3,female,25.4667,test,Mrs,0,0.0
1025,,3,male,6.4375,test,Mr,0,0.5
1026,,3,male,7.8958,test,Mr,0,0.5
1027,,3,male,7.8542,test,Mr,0,0.5
1028,,3,male,7.225,test,Mr,0,0.5
1029,,2,male,13.0,test,Mr,0,0.5
1030,,3,female,8.05,test,Miss,0,0.5
1031,,3,male,46.9,test,Mr,0,0.0
1032,,3,female,46.9,test,Miss,1,0.0
1033,,1,female,151.55,test,Miss,0,1.0
1034,,1,male,262.375,test,Mr,0,1.0
1035,,2,male,26.0,test,Mr,0,0.0
1036,,1,male,26.55,test,Mr,0,0.5
1037,,3,male,18.0,test,Mr,0,0.0
1038,,1,male,51.8625,test,Mr,0,0.0
1039,,3,male,8.05,test,Mr,0,0.5
1040,,1,male,26.55,test,Mr,0,0.5
1041,,2,male,26.0,test,Other,0,0.0
1042,,1,female,83.1583,test,Mrs,0,1.0
1043,,3,male,7.8958,test,Mr,0,0.5
1044,,3,male,8.05,test,Mr,0,0.5
1045,,3,female,12.1833,test,Mrs,0,0.5
1046,,3,male,31.3875,test,Master,1,1.0
1047,,3,male,7.55,test,Mr,0,0.5
1048,,1,female,221.7792,test,Miss,0,0.0
1049,,3,female,7.8542,test,Miss,0,0.5
1050,,1,male,26.55,test,Mr,0,0.5
1051,,3,female,13.775,test,Mrs,0,0.5
1052,,3,female,7.7333,test,Miss,1,0.5
1053,,3,male,15.2458,test,Master,1,1.0
1054,,2,female,13.5,test,Miss,0,0.5
1055,,3,male,7.0,test,Mr,0,0.5
1056,,2,male,13.0,test,Other,0,0.5
1057,,3,female,22.025,test,Mrs,0,1.0
1058,,1,male,50.4958,test,Mr,0,0.5
1059,,3,male,34.375,test,Mr,0,0.0
1060,,1,female,27.7208,test,Mrs,0,0.5
1061,,3,female,8.9625,test,Miss,0,0.5
1062,,3,male,7.55,test,Mr,0,0.5
1063,,3,male,7.225,test,Mr,0,0.5
1064,,3,male,13.9,test,Mr,0,0.5
1065,,3,male,7.2292,test,Mr,0,0.5
1066,,3,male,31.3875,test,Mr,0,1.0
1067,,2,female,39.0,test,Miss,1,1.0
1068,,2,female,36.75,test,Miss,0,1.0
1069,,1,male,55.4417,test,Mr,0,0.5
1070,,2,female,39.0,test,Mrs,0,1.0
1071,,1,female,83.1583,test,Mrs,0,1.0
1072,,2,male,13.0,test,Mr,0,0.5
1073,,1,male,83.1583,test,Mr,0,1.0
1074,,1,female,53.1,test,Mrs,0,0.0
1075,,3,male,7.75,test,Mr,0,0.5
1076,,1,female,247.5208,test,Mrs,0,1.0
1077,,2,male,16.0,test,Mr,0,0.5
1078,,2,female,21.0,test,Miss,0,0.5
1079,,3,male,8.05,test,Mr,1,0.5
1080,,3,female,69.55,test,Miss,1,0.0
1081,,2,male,13.0,test,Mr,0,0.5
1082,,2,male,26.0,test,Mr,0,1.0
1083,,1,male,26.0,test,Mr,0,0.5
1084,,3,male,14.5,test,Master,1,0.0
1085,,2,male,12.35,test,Mr,0,0.5
1086,,2,male,32.5,test,Master,1,1.0
1087,,3,male,7.8542,test,Mr,0,0.5
1088,,1,male,134.5,test,Master,1,1.0
1089,,3,female,7.775,test,Miss,0,0.5
1090,,2,male,10.5,test,Mr,0,0.5
1091,,3,female,8.1125,test,Mrs,0,0.5
1092,,3,female,15.5,test,Miss,1,0.0
1093,,3,male,14.4,test,Master,1,0.0
1094,,1,male,227.525,test,Military,0,1.0
1095,,2,female,26.0,test,Miss,1,1.0
1096,,2,male,10.5,test,Mr,0,0.5
1097,,1,male,25.7417,test,Mr,0,0.5
1098,,3,female,7.75,test,Miss,0,0.5
1099,,2,male,10.5,test,Mr,0,0.5
1100,,1,female,27.7208,test,Miss,0,0.5
1101,,3,male,7.8958,test,Mr,0,0.5
1102,,3,male,22.525,test,Mr,0,0.0
1103,,3,male,7.05,test,Mr,0,0.5
1104,,2,male,73.5,test,Mr,1,0.0
1105,,2,female,26.0,test,Mrs,0,0.5
1106,,3,female,7.775,test,Miss,0,0.5
1107,,1,male,42.5,test,Mr,0,0.5
1108,,3,female,7.8792,test,Miss,1,0.5
1109,,1,male,164.8667,test,Mr,0,1.0
1110,,1,female,211.5,test,Mrs,0,0.0
1111,,3,male,8.05,test,Mr,0,0.5
1112,,2,female,13.8583,test,Miss,0,0.5
1113,,3,male,8.05,test,Mr,0,0.5
1114,,2,female,10.5,test,Mrs,0,0.5
1115,,3,male,7.7958,test,Mr,0,0.5
1116,,1,female,27.4458,test,Mrs,0,0.5
1117,,3,female,15.2458,test,Mrs,0,1.0
1118,,3,male,7.7958,test,Mr,0,0.5
1119,,3,female,7.75,test,Miss,1,0.5
1120,,3,male,15.1,test,Mr,0,0.0
1121,,2,male,13.0,test,Mr,0,0.5
1122,,2,male,65.0,test,Mr,1,1.0
1123,,1,female,26.55,test,Miss,0,0.5
1124,,3,male,6.4958,test,Mr,0,0.5
1125,,3,male,7.8792,test,Mr,0,0.5
1126,,1,male,71.2833,test,Mr,0,1.0
1127,,3,male,7.8542,test,Mr,0,0.5
1128,,1,male,75.25,test,Mr,0,1.0
1129,,3,male,7.225,test,Mr,0,0.5
1130,,2,female,13.0,test,Miss,0,0.5
1131,,1,female,106.425,test,Mrs,0,1.0
1132,,1,female,27.7208,test,Mrs,0,0.5
1133,,2,female,30.0,test,Mrs,0,1.0
1134,,1,male,134.5,test,Mr,0,1.0
1135,,3,male,7.8875,test,Mr,0,0.5
1136,,3,male,23.45,test,Master,0,0.0
1137,,1,male,51.8625,test,Mr,0,1.0
1138,,2,female,21.0,test,Mrs,0,0.5
1139,,2,male,32.5,test,Mr,0,1.0
1140,,2,female,26.0,test,Mrs,0,0.0
1141,,3,female,14.4542,test,Mrs,0,0.5
1142,,2,female,27.75,test,Miss,1,1.0
1143,,3,male,7.925,test,Mr,0,0.5
1144,,1,male,136.7792,test,Mr,0,0.5
1145,,3,male,9.325,test,Mr,0,0.5
1146,,3,male,9.5,test,Mr,0,0.5
1147,,3,male,7.55,test,Mr,0,0.5
1148,,3,male,7.75,test,Mr,0,0.5
1149,,3,male,8.05,test,Mr,0,0.5
1150,,2,female,13.0,test,Miss,0,0.5
1151,,3,male,7.775,test,Mr,0,0.5
1152,,3,male,17.4,test,Mr,0,1.0
1153,,3,male,7.8542,test,Mr,0,0.5
1154,,2,female,23.0,test,Mrs,0,1.0
1155,,3,female,12.1833,test,Miss,1,0.5
1156,,2,male,12.7375,test,Mr,0,0.5
1157,,3,male,7.8958,test,Mr,0,0.5
1158,,1,male,0.0,test,Mr,0,0.5
1159,,3,male,7.55,test,Mr,0,0.5
1160,,3,female,8.05,test,Miss,1,0.5
1161,,3,male,8.6625,test,Mr,1,0.5
1162,,1,male,75.2417,test,Mr,0,0.5
1163,,3,male,7.75,test,Mr,0,0.5
1164,,1,female,136.7792,test,Mrs,0,0.5
1165,,3,female,15.5,test,Miss,1,0.0
1166,,3,male,7.225,test,Mr,0,0.5
1167,,2,female,26.0,test,Miss,0,0.0
1168,,2,male,10.5,test,Mr,0,0.5
1169,,2,male,26.0,test,Mr,0,1.0
1170,,2,male,21.0,test,Mr,0,0.5
1171,,2,male,10.5,test,Mr,0,0.5
1172,,3,female,8.6625,test,Miss,0,0.5
1173,,3,male,13.775,test,Master,1,0.5
1174,,3,female,7.75,test,Miss,1,0.5
1175,,3,female,15.2458,test,Miss,1,1.0
1176,,3,female,20.2125,test,Miss,1,0.0
1177,,3,male,7.25,test,Mr,0,0.5
1178,,3,male,7.25,test,Mr,0,0.5
1179,,1,male,82.2667,test,Mr,0,0.5
1180,,3,male,7.2292,test,Mr,0,0.5
1181,,3,male,8.05,test,Mr,0,0.5
1182,,1,male,39.6,test,Mr,0,0.5
1183,,3,female,6.95,test,Miss,0,0.5
1184,,3,male,7.2292,test,Mr,0,0.5
1185,,1,male,81.8583,test,Other,0,1.0
1186,,3,male,9.5,test,Mr,0,0.5
1187,,3,male,7.8958,test,Mr,0,0.5
1188,,2,female,41.5792,test,Miss,1,1.0
1189,,3,male,21.6792,test,Mr,0,0.0
1190,,1,male,45.5,test,Mr,0,0.5
1191,,3,male,7.8542,test,Mr,0,0.5
1192,,3,male,7.775,test,Mr,0,0.5
1193,,2,male,15.0458,test,Mr,0,0.5
1194,,2,male,21.0,test,Mr,0,0.5
1195,,3,male,8.6625,test,Mr,0,0.5
1196,,3,female,7.75,test,Miss,1,0.5
1197,,1,female,26.55,test,Mrs,0,0.5
1198,,1,male,151.55,test,Mr,0,1.0
1199,,3,male,9.35,test,Master,1,1.0
1200,,1,male,93.5,test,Mr,0,1.0
1201,,3,female,14.1083,test,Mrs,0,0.0
1202,,3,male,8.6625,test,Mr,0,0.5
1203,,3,male,7.225,test,Mr,0,0.5
1204,,3,male,7.575,test,Mr,0,0.5
1205,,3,female,7.75,test,Miss,0,0.5
1206,,1,female,135.6333,test,Mrs,0,1.0
1207,,3,female,7.7333,test,Miss,1,0.5
1208,,1,male,146.5208,test,Mr,0,1.0
1209,,2,male,10.5,test,Mr,0,0.5
1210,,3,male,7.8542,test,Mr,0,0.5
1211,,2,male,31.5,test,Mr,0,0.5
1212,,3,male,7.775,test,Mr,0,0.5
1213,,3,male,7.2292,test,Mr,0,0.5
1214,,2,male,13.0,test,Mr,0,0.5
1215,,1,male,26.55,test,Mr,0,0.5
1216,,1,female,211.3375,test,Miss,0,1.0
1217,,3,male,7.05,test,Mr,0,0.5
1218,,2,female,39.0,test,Miss,1,1.0
1219,,1,male,79.2,test,Mr,0,1.0
1220,,2,male,26.0,test,Mr,0,1.0
1221,,2,male,13.0,test,Mr,0,0.5
1222,,2,female,36.75,test,Mrs,0,1.0
1223,,1,male,29.7,test,Mr,0,0.5
1224,,3,male,7.225,test,Mr,0,0.5
1225,,3,female,15.7417,test,Mrs,0,1.0
1226,,3,male,7.8958,test,Mr,0,0.5
1227,,1,male,26.0,test,Mr,0,0.5
1228,,2,male,13.0,test,Mr,0,0.5
1229,,3,male,7.2292,test,Mr,0,0.5
1230,,2,male,31.5,test,Mr,0,0.5
1231,,3,male,7.2292,test,Master,0,0.5
1232,,2,male,10.5,test,Mr,0,0.5
1233,,3,male,7.5792,test,Mr,0,0.5
1234,,3,male,69.55,test,Mr,0,0.0
1235,,1,female,512.3292,test,Mrs,0,1.0
1236,,3,male,14.5,test,Master,0,0.0
1237,,3,female,7.65,test,Miss,1,0.5
1238,,2,male,13.0,test,Mr,0,0.5
1239,,3,female,7.2292,test,Mrs,0,0.5
1240,,2,male,13.5,test,Mr,0,0.5
1241,,2,female,21.0,test,Miss,0,1.0
1242,,1,female,63.3583,test,Mrs,0,1.0
1243,,2,male,10.5,test,Mr,0,0.5
1244,,2,male,73.5,test,Mr,0,0.0
1245,,2,male,65.0,test,Mr,0,1.0
1246,,3,female,20.575,test,Miss,1,1.0
1247,,1,male,26.0,test,Mr,0,0.5
1248,,1,female,51.4792,test,Mrs,0,1.0
1249,,3,male,7.8792,test,Mr,0,0.5
1250,,3,male,7.75,test,Mr,0,0.5
1251,,3,female,15.55,test,Mrs,0,0.0
1252,,3,male,69.55,test,Master,1,0.0
1253,,2,female,37.0042,test,Mrs,0,1.0
1254,,2,female,21.0,test,Mrs,0,0.5
1255,,3,male,8.6625,test,Mr,0,0.5
1256,,1,female,55.4417,test,Mrs,0,1.0
1257,,3,female,69.55,test,Mrs,0,0.0
1258,,3,male,14.4583,test,Mr,0,0.0
1259,,3,female,39.6875,test,Miss,0,0.0
1260,,1,female,59.4,test,Mrs,0,0.5
1261,,2,male,13.8583,test,Mr,0,0.5
1262,,2,male,11.5,test,Mr,0,0.5
1263,,1,female,134.5,test,Miss,0,1.0
1264,,1,male,0.0,test,Mr,0,0.0
1265,,2,male,13.0,test,Mr,0,0.5
1266,,1,female,81.8583,test,Mrs,0,1.0
1267,,1,female,262.375,test,Miss,0,1.0
1268,,3,female,8.6625,test,Miss,0,0.5
1269,,2,male,11.5,test,Mr,0,0.5
1270,,1,male,50.0,test,Mr,0,0.5
1271,,3,male,31.3875,test,Master,1,1.0
1272,,3,male,7.75,test,Mr,0,0.5
1273,,3,male,7.8792,test,Mr,0,0.5
1274,,3,female,14.5,test,Mrs,0,0.0
1275,,3,female,16.1,test,Mrs,0,0.0
1276,,2,male,12.875,test,Mr,0,0.5
1277,,2,female,65.0,test,Miss,0,1.0
1278,,3,male,7.775,test,Mr,0,0.5
1279,,2,male,13.0,test,Mr,0,0.5
1280,,3,male,7.75,test,Mr,0,0.5
1281,,3,male,21.075,test,Master,1,0.0
1282,,1,male,93.5,test,Mr,0,1.0
1283,,1,female,39.4,test,Mrs,0,1.0
1284,,3,male,20.25,test,Master,1,1.0
1285,,2,male,10.5,test,Mr,0,0.5
1286,,3,male,22.025,test,Mr,0,1.0
1287,,1,female,60.0,test,Mrs,0,0.5
1288,,3,male,7.25,test,Mr,0,0.5
1289,,1,female,79.2,test,Mrs,0,1.0
1290,,3,male,7.775,test,Mr,0,0.5
1291,,3,male,7.7333,test,Mr,0,0.5
1292,,1,female,164.8667,test,Miss,0,1.0
1293,,2,male,21.0,test,Mr,0,0.0
1294,,1,female,59.4,test,Miss,0,0.5
1295,,1,male,47.1,test,Mr,1,0.0
1296,,1,male,27.7208,test,Mr,0,0.5
1297,,2,male,13.8625,test,Mr,0,0.5
1298,,2,male,10.5,test,Mr,0,0.5
1299,,1,male,211.5,test,Mr,0,0.0
1300,,3,female,7.7208,test,Miss,1,0.5
1301,,3,female,13.775,test,Miss,1,0.5
1302,,3,female,7.75,test,Miss,1,0.5
1303,,1,female,90.0,test,Mrs,0,1.0
1304,,3,female,7.775,test,Miss,0,0.5
1305,,3,male,8.05,test,Mr,0,0.5
1306,,1,female,108.9,test,Royal,0,1.0
1307,,3,male,7.25,test,Mr,0,0.5
1308,,3,male,8.05,test,Mr,0,0.5
1309,,3,male,22.3583,test,Master,0,1.0
